Date,Open,High,Low,Close,Volume,Adj Close
18-04-2016,1065.8,1066.8,1055.4,1064.75,4358100,1064.75
15-04-2016,1066.05,1066.05,1066.05,1066.05,0,1066.05
14-04-2016,1066.05,1066.05,1066.05,1066.05,0,1066.05
13-04-2016,1052.55,1069.9,1052.55,1066.05,3666100,1066.05
12-04-2016,1040.3,1057.45,1038.05,1047.4,2552000,1047.4
11-04-2016,1037,1045.5,1033,1040.3,2356300,1040.3
08-04-2016,1035.9,1054.45,1031.2,1036.35,3065700,1036.35
07-04-2016,1034.9,1048,1022.1,1037.25,2009000,1037.25
06-04-2016,1032.1,1036.7,1022.6,1033.75,1597900,1033.75
05-04-2016,1031.35,1042.4,1022.2,1026.95,2345100,1026.95
04-04-2016,1040,1042.2,1025.3,1035.05,1973200,1035.05
01-04-2016,1039.1,1046.3,1025,1034.45,2830100,1034.45
31-03-2016,1041,1056,1032.7,1045.2,7047900,1045.2
30-03-2016,1042.7,1051.75,1042.7,1047.05,3303700,1047.05
29-03-2016,1023.8,1042,1020.2,1036.25,3627900,1036.25
28-03-2016,1030,1031.7,1015.65,1020.4,4130500,1020.4
25-03-2016,1029.2,1029.2,1029.2,1029.2,0,1029.2
24-03-2016,1029.2,1029.2,1029.2,1029.2,0,1029.2
23-03-2016,1046.9,1046.9,1022.4,1029.2,3841600,1029.2
22-03-2016,1037,1052.25,1035.65,1047.85,3504900,1047.85
21-03-2016,1027.95,1041.5,1022.75,1037.3,2904800,1037.3
18-03-2016,1018.25,1030.15,1015.7,1027.2,3207200,1027.2
17-03-2016,1027,1036.9,1012,1016,3847700,1016
16-03-2016,1021,1025.8,1005.45,1021.75,2529000,1011.25
15-03-2016,1024,1027.85,1015.1,1020.5,2397300,1010.0128
14-03-2016,1019.1,1026.4,1012.95,1019.75,2715500,1009.2705
11-03-2016,1014.9,1029.55,1010.6,1014.5,3501600,1004.0745
10-03-2016,1042.05,1045.9,1009,1011.75,4733100,1001.3528
09-03-2016,1020,1043.9,1018.6,1041.7,2709800,1030.9949
08-03-2016,1007.5,1030.9,1007.5,1027,3022500,1016.446
07-03-2016,1006.4,1006.4,1006.4,1006.4,0,996.0578
04-03-2016,1014,1015,1003.5,1006.4,2054400,996.0578
03-03-2016,1010,1018,997.5,1012.85,3630000,1002.4414
02-03-2016,992.9,1005.75,987.25,1001.5,4595800,991.2081
01-03-2016,964.7,985.05,964.65,981.3,3760900,971.2157
29-02-2016,951.3,994.6,935,966.65,7093400,956.7162
26-02-2016,953,958.75,944.3,950.35,1908500,940.5837
25-02-2016,954.2,956.55,940.85,944.1,5675000,934.3979
24-02-2016,944.9,958.55,942,952.65,3471300,942.8601
23-02-2016,963.1,967.2,942.75,949.65,4340700,939.8909
22-02-2016,944.1,968.3,944.1,962.3,2919100,952.4109
19-02-2016,940,952.75,937.35,944.35,2339600,934.6454
18-02-2016,962.95,968.7,936,940.1,3299100,930.439
17-02-2016,935.1,957.45,916.4,952.6,3529800,942.8106
16-02-2016,951.1,958,927,930.55,2977200,920.9872
15-02-2016,918,951.35,918,946.75,4407800,937.0207
12-02-2016,933.9,933.9,888.1,906.55,6701900,897.2338
11-02-2016,962.85,965.95,915.5,924.55,3912100,915.0489
10-02-2016,951.7,973,948.65,962.65,3859200,952.7574
09-02-2016,952.9,968.8,950,957.5,4481000,947.6603
08-02-2016,971.1,984.8,957.95,961.05,2760800,951.1738
05-02-2016,979.1,982,961.4,970.9,4799800,960.9226
04-02-2016,988,1001,965.7,973.05,4161000,963.0504
03-02-2016,988,994,975,981.4,3586800,971.3147
02-02-2016,1030.3,1032.8,990.5,1001.15,3376400,990.8617
01-02-2016,1039.95,1041.8,1025.55,1030.3,2267200,1019.7122
29-01-2016,1018.95,1040,1018,1035.4,4383500,1024.7597
28-01-2016,1001,1021.8,997.1,1016.9,5274400,1006.4499
27-01-2016,1008.1,1010,996.95,999.35,3943200,989.0802
26-01-2016,1003.95,1003.95,1003.95,1003.95,0,993.6329
25-01-2016,1010,1018.75,1000,1003.95,2994300,993.6329
22-01-2016,994.05,1011,994.05,1004.15,5413400,993.8309
21-01-2016,1017.55,1025.75,976.7,984.2,7261700,974.0859
20-01-2016,1034.9,1034.9,990,1004.55,10312300,994.2267
19-01-2016,1029,1049.8,1014.1,1043.6,4912000,1032.8754
18-01-2016,1075,1083.95,1008.1,1016.85,6229900,1006.4003
15-01-2016,1069.75,1089.5,1065.6,1073.3,6575700,1062.2703
14-01-2016,1063.85,1081,1053.05,1061.65,6359900,1050.74
13-01-2016,1053.1,1089.75,1047.2,1076.85,16412800,1065.7837
12-01-2016,1055,1065.4,1041.1,1045.45,5342700,1034.7064
11-01-2016,1015.95,1060.8,1011,1051.6,6632600,1040.7932
08-01-2016,1020,1032.9,1016.7,1025.75,4871800,1015.2089
07-01-2016,1021.05,1028,1008.05,1013.25,4512200,1002.8373
06-01-2016,1007.6,1038.4,1000.4,1032.2,6116800,1021.5926
05-01-2016,1000.3,1010,997,1005.15,3416400,994.8206
04-01-2016,1005,1013.8,986.7,995.3,6896500,985.0718
01-01-2016,1009.8,1018.9,1008.2,1015.35,1238100,1004.9157
31-12-2015,1003.4,1019.7,999.1,1014.6,4225000,1004.1734
30-12-2015,1015,1016,1002,1004.5,1863300,994.1773
29-12-2015,1010.4,1018.7,1007.15,1015.4,3409000,1004.9653
28-12-2015,1000.6,1013.75,1000,1010.4,2945500,1000.0167
25-12-2015,1000.55,1000.55,1000.55,1000.55,0,990.2678
24-12-2015,1003.9,1007.2,996.3,1000.55,2720500,990.2678
23-12-2015,991.8,1006.9,990,1003.8,2953100,993.4844
22-12-2015,992.8,1002.6,984,987.3,2646800,977.154
21-12-2015,987.9,999,984.35,992.1,2818800,981.9047
18-12-2015,1003.8,1009,990,991.9,3661000,981.7068
17-12-2015,980.05,1015,978,1009.7,4427400,999.3238
16-12-2015,975.9,987.55,973.5,978.65,2765200,968.5929
15-12-2015,957,977.95,953.65,975.9,3593000,965.8712
14-12-2015,947.6,963.5,946,955.1,2414700,945.2849
11-12-2015,951.75,959,942.9,952.95,4150000,943.157
10-12-2015,922.5,953.8,920,950.35,4249800,940.5837
09-12-2015,936.2,943.45,912.85,915.9,2097100,906.4878
08-12-2015,948.9,953.6,936.1,940.9,1721700,931.2309
07-12-2015,965.45,973,949.75,952.05,3310700,942.2662
04-12-2015,972.3,976.2,961.4,965.45,3073000,955.5286
03-12-2015,974.9,988.95,974.1,977.2,2597000,967.1578
02-12-2015,966.25,979.7,964.5,977.95,1731200,967.9001
01-12-2015,964,978.8,961.25,965.9,2967300,955.974
30-11-2015,978.5,984.4,962.3,965.85,6839000,955.9244
27-11-2015,989,992.5,974.1,979.05,2489600,968.9888
26-11-2015,971,991.95,968.25,988.65,5441600,978.4902
25-11-2015,967.7,967.7,967.7,967.7,0,957.7554
24-11-2015,953,971.6,951.05,967.7,3384400,957.7554
23-11-2015,950,957.9,946.2,953.75,2400000,943.9488
20-11-2015,934,952.8,925.55,946.85,2583900,937.1197
19-11-2015,918.9,938.7,917.25,934.75,2784800,925.144
18-11-2015,927.6,931.3,909.95,912,2571300,902.6278
17-11-2015,938.05,938.9,926.2,927.75,1963100,918.216
16-11-2015,926,942,924.75,934.3,3507900,924.6987
13-11-2015,915.05,938.55,914.5,933.05,3127500,923.4615
12-11-2015,922.75,922.75,922.75,922.75,0,913.2674
11-11-2015,922.75,922.75,922.75,922.75,0,913.2674
10-11-2015,957,959.5,916.3,922.75,2625500,913.2674
09-11-2015,933.5,965,923.45,961.25,3893100,951.3717
06-11-2015,939.45,954.75,937.9,952.4,1912500,942.6127
05-11-2015,949,951,933,936.6,2461200,926.975
04-11-2015,968,975,946.2,951.3,2293400,941.524
03-11-2015,963.25,970.45,961.25,967.2,2599700,957.2606
02-11-2015,949,961.5,945.2,959.8,1650800,949.9366
30-10-2015,942.1,955.9,940.1,947.7,3055300,937.961
29-10-2015,936,945,934.95,941,3035600,931.3298
28-10-2015,936.9,944.9,929.9,936.95,2733500,927.3214
27-10-2015,938.8,948.25,937.4,939.55,2651900,929.8947
26-10-2015,961.9,963,941.3,942.85,2500400,933.1608
23-10-2015,963.95,973.05,941.15,955.65,2778000,945.8293
22-10-2015,955,955,955,955,0,945.1859
21-10-2015,955.5,974.8,953,955,3292600,945.1859
20-10-2015,965,966.7,953,956.7,4135500,946.8685
19-10-2015,941,965.5,941,963.5,7658800,953.5986
16-10-2015,904.5,914.8,903.7,912.15,3485100,902.7763
15-10-2015,907.7,911,900.1,903.7,2068300,894.4131
14-10-2015,895.8,905,893.95,902.95,1829200,893.6708
13-10-2015,885.05,896.3,882.9,893.6,1408600,884.4169
12-10-2015,888,901.6,888,891.75,1420000,882.5859
09-10-2015,894.05,905.45,881.5,887.35,2132100,878.2311
08-10-2015,914.9,914.9,886.25,889.1,2457900,879.9631
07-10-2015,894.7,918.05,891,913.8,2632100,904.4093
06-10-2015,895.65,900.5,885.75,898.05,2818400,888.8212
05-10-2015,862.8,890,861.85,888,3660800,878.8745
02-10-2015,864.7,864.7,864.7,864.7,0,855.8139
01-10-2015,873.95,873.95,858.6,864.7,1980300,855.8139
30-09-2015,851,864.8,838.5,862.3,3952600,853.4386
29-09-2015,830,850.25,826.1,840.75,3623800,832.11
28-09-2015,839.8,840.9,828.7,834.25,2657100,825.6768
25-09-2015,837.35,837.35,837.35,837.35,0,828.745
24-09-2015,848,848,834.75,837.35,6646500,828.745
23-09-2015,843,856.8,840,850.35,3479300,841.6114
22-09-2015,880,884.9,844.5,847.9,3599100,839.1866
21-09-2015,880,888.2,876.05,878.1,2910300,869.0762
18-09-2015,878.45,899.5,877.15,895.4,7831500,886.1984
17-09-2015,872.55,872.55,872.55,872.55,0,863.5832
16-09-2015,872.1,877.35,865.2,872.55,3068600,863.5832
15-09-2015,862,870,855.6,868.15,2630900,859.2285
14-09-2015,861.75,865.7,851.9,863.85,1820400,854.9726
11-09-2015,872,876.1,856.2,860.95,2430900,852.1025
10-09-2015,861,870.5,855.5,867,2531400,858.0903
09-09-2015,861,878.7,850.5,874.05,3963700,865.0678
08-09-2015,836,852.95,825.1,848.6,2948800,839.8793
07-09-2015,838.25,844,827.7,833.2,2339400,824.6376
04-09-2015,849.7,849.7,825.1,835.9,3703000,827.3099
03-09-2015,854.05,860.75,844.4,853.85,2665200,845.0754
02-09-2015,850,857.1,842.6,849.55,4492200,840.8196
01-09-2015,853.9,853.9,835.1,839.85,4947800,831.2193
31-08-2015,872.85,872.85,853.8,855.9,4733700,847.1044
28-08-2015,875,883,866.1,872.4,2461800,863.4348
27-08-2015,866.8,881.25,857.05,869.15,6171100,860.2182
26-08-2015,847.8,874.8,840,853.4,4332900,844.6301
25-08-2015,840.85,860.65,823.2,848.15,11315800,839.434
24-08-2015,880,880,818,829.55,8145700,821.0251
21-08-2015,910,911.9,897,907.95,4583200,898.6195
20-08-2015,959.95,959.95,913.75,916.3,4344900,906.8836
19-08-2015,944,961,939.45,954.6,2029200,944.79
18-08-2015,956,956,942.2,944.1,1515500,934.3979
17-08-2015,966,966,946.05,950.7,2481800,940.9301
14-08-2015,940.25,972,934.3,966.95,2912000,957.0132
13-08-2015,947,953.95,929.4,933.35,2135000,923.7584
12-08-2015,963.6,966,940.55,942.9,2205900,933.2103
11-08-2015,971,973.65,958,966,2002900,956.0729
10-08-2015,984.5,988.8,964.5,968.9,2123200,958.9431
07-08-2015,979,994,977.15,984.35,1967800,974.2343
06-08-2015,991,992,977.5,978.95,1990500,968.8898
05-08-2015,988.25,1000.8,984.1,987.75,3279000,977.5994
04-08-2015,1003.4,1005.65,980,988,2744500,977.8468
03-08-2015,1001,1013.85,999.4,1002.45,2260100,992.1483
31-07-2015,1000,1007.9,990,1001.85,3802300,991.5545
30-07-2015,1000.1,1008,992.3,1000.15,2674700,989.872
29-07-2015,1009.5,1012.7,992.1,996,3380900,985.7646
28-07-2015,1008.3,1016.7,1000.1,1010.25,3059100,999.8682
27-07-2015,1024.9,1029.9,1001.75,1005.35,4598700,995.0185
24-07-2015,1048,1049.65,1021.1,1025.05,2994300,1014.5161
23-07-2015,1053.5,1067.85,1041.2,1045.3,4261400,1034.558
22-07-2015,1005,1053.95,1004.6,1050.4,3956600,1039.6056
21-07-2015,1028,1028.45,1002.75,1007.8,1811100,997.4433
20-07-2015,1027.8,1029.95,1017.9,1024.75,1451100,1014.2192
17-07-2015,1025.25,1031.15,1018,1021.7,2330400,1011.2005
16-07-2015,1012,1027.8,1011.15,1023.7,3395400,1013.18
15-07-2015,999.75,1014.4,999.55,1011.15,3093300,1000.7589
14-07-2015,1008.9,1011.5,995.2,997.8,2272700,987.5461
13-07-2015,1001.8,1012.5,995.15,1007,2253800,996.6516
10-07-2015,991.1,1004,990.25,1001.8,3682600,991.505
09-07-2015,996,1001,983.15,987.4,3713500,977.253
08-07-2015,995.85,1008.7,991.65,996.6,3472300,986.3584
07-07-2015,1011,1016.6,1000,1003.25,2581800,992.9401
06-07-2015,996.1,1018.9,995.2,1015.55,2797300,1005.1137
03-07-2015,1009.75,1013.8,1003.05,1007.2,3161500,996.8495
02-07-2015,1009,1019.75,1007.1,1010.85,3641600,1000.462
01-07-2015,1001,1010.45,1001,1005.65,3388500,995.3155
30-06-2015,989.9,1002.85,988,1000.1,5299600,989.8225
29-06-2015,987.9,993.85,972,990.85,4610200,980.6675
26-06-2015,999.9,1014.1,995.4,1000.7,4792600,990.4163
25-06-2015,987,1009,985,1004.55,6211700,994.2267
24-06-2015,995,1006.45,986.65,990.9,4252300,980.717
23-06-2015,992.65,1002.7,991,995,3659000,984.7749
22-06-2015,996.95,1008.7,986.5,991.7,4433100,981.5088
19-06-2015,982.5,1006.4,982.5,996.65,10448700,986.408
18-06-2015,932.55,982,932.5,978.95,11284400,968.8898
17-06-2015,905.05,942.35,894,931.2,5996300,921.6305
16-06-2015,899,905,893.2,903.95,3184000,894.6606
15-06-2015,894.9,905,890,901.75,2939200,892.4832
12-06-2015,879,892.7,878.25,889.85,4924500,880.7054
11-06-2015,906,909.5,873.65,877.15,3354700,868.136
10-06-2015,886,909.9,885,905.8,3088000,896.4915
09-06-2015,883.55,890.65,877.35,883.7,2092300,874.6187
08-06-2015,906.8,910,883.1,885.45,2479400,876.3507
05-06-2015,909.9,916.95,904.45,907.75,2986700,898.4215
04-06-2015,904.2,916.2,892.55,912.7,3641600,903.3207
03-06-2015,899,910.45,888.5,896.35,3553600,887.1386
02-06-2015,905.75,918.8,891.45,898.65,4612500,889.4151
01-06-2015,880,904.9,878,902.25,4479000,892.978
29-05-2015,879.9,886.45,873.1,877,6692300,867.9875
28-05-2015,885.85,894.25,872,875.8,6066300,866.7998
27-05-2015,886,890.9,880.2,885.3,1846500,876.2022
26-05-2015,895,896,882.7,884.6,2173800,875.5094
25-05-2015,900,908,892.35,894.5,1512600,885.3077
22-05-2015,897,905.6,897,903.85,1908400,894.5616
21-05-2015,911.25,915.4,894.1,896.75,2459400,887.5346
20-05-2015,900.4,911,897.7,908.85,1990700,899.5102
19-05-2015,891.25,904.75,886.6,895.55,3317400,886.3469
18-05-2015,874.9,894,872.2,891.55,2250900,882.388
15-05-2015,881.9,886.95,870.1,873.95,1904400,864.9689
14-05-2015,886,886.2,870.3,878.2,2818300,869.1752
13-05-2015,873.35,888.65,857.2,885.1,3817600,876.0042
12-05-2015,894.9,894.9,865.15,868.7,3805900,859.7728
11-05-2015,892.85,899.45,883.4,895.95,3249000,886.7428
08-05-2015,871,893.75,861.1,889.7,3909700,880.557
07-05-2015,875,878.45,860,870.75,3825400,851.9045
06-05-2015,890,896.75,872,880.25,5128900,861.1989
05-05-2015,893.7,901.8,885.1,892.15,4079400,872.8414
04-05-2015,866.2,893.9,860.5,890.95,3446600,871.6674
01-05-2015,862.35,862.35,862.35,862.35,0,843.6863
30-04-2015,850,865.9,847.95,862.35,7955100,843.6863
29-04-2015,862,870.55,847.4,850,3746000,831.6036
28-04-2015,874.7,882,858.55,865.2,3357200,846.4747
27-04-2015,880.05,887.5,871.45,875.3,2524200,856.356
24-04-2015,877,884.45,868.65,878.9,2905200,859.8782
23-04-2015,883.85,889.4,869.05,877.05,3048800,858.0682
22-04-2015,881.9,886.75,867,879.75,3374100,860.7097
21-04-2015,890.15,895.5,872.45,876.45,4047500,857.4812
20-04-2015,937.3,937.45,878.5,885.65,8601100,866.4821
17-04-2015,935.05,944.3,922.6,926.85,5476500,906.7903
16-04-2015,924.5,938,919,928.35,4612100,908.2579
15-04-2015,921,939.6,907.2,923.65,5081600,903.6596
14-04-2015,922.5,922.5,922.5,922.5,0,902.5345
13-04-2015,906.8,924.75,898.75,922.5,4612200,902.5345
10-04-2015,894.95,908.8,889.1,904.35,5788400,884.7773
09-04-2015,865.5,899,858.8,895.1,6234900,875.7275
08-04-2015,833.5,869.5,832.9,865.9,5673700,847.1595
07-04-2015,826.05,836.1,826.05,832.85,4863200,814.8248
06-04-2015,836,838,821.4,824.65,2819300,806.8023
03-04-2015,836.05,836.05,836.05,836.05,0,817.9555
02-04-2015,836.05,836.05,836.05,836.05,0,817.9555
01-04-2015,824.9,839,813.1,836.05,3334600,817.9555
31-03-2015,818,832.9,818,826,4625400,808.123
30-03-2015,816.6,817.7,796.45,810.75,3961400,793.2031
27-03-2015,833.9,835,801.45,811.7,5332100,794.1325
26-03-2015,841.1,849.25,824.1,829.3,4713600,811.3516
25-03-2015,849,849.5,841,844.9,2346300,826.614
24-03-2015,842.1,854.3,842.1,847.95,2111700,829.598
23-03-2015,856.5,864,838.1,841.95,3029100,823.7279
20-03-2015,857.9,861.15,848.6,854.1,2378500,835.6149
19-03-2015,875.55,876.7,854.1,856.15,3185200,837.6205
18-03-2015,857,872.25,854.7,868.65,2118900,849.85
17-03-2015,850.55,859.9,841,856.85,4359100,838.3053
16-03-2015,851.5,853.95,840.3,842.1,3163500,823.8746
13-03-2015,869,869.6,847,850.1,2956900,831.7014
12-03-2015,858,867.4,855.6,863.8,2693200,845.1049
11-03-2015,860.95,869.6,852.4,855.95,2659700,837.4249
10-03-2015,868.95,875.8,855.4,859.15,3482200,840.5556
09-03-2015,885.1,891.75,864.15,869.65,3215100,850.8284
06-03-2015,884.95,884.95,884.95,884.95,0,865.7972
05-03-2015,892.5,898.75,878.15,884.95,2449600,865.7972
04-03-2015,906,909.65,880.05,887.85,3308900,868.6344
03-03-2015,869,906.45,867.4,900.8,4717200,881.3042
02-03-2015,869,875.5,855.55,864.25,3332600,845.5452
27-02-2015,847.55,861,844.6,855.55,4265200,837.0335
26-02-2015,846.1,850,836.6,842,4905300,823.7768
25-02-2015,848.8,856.5,841.05,843.15,3491400,824.9019
24-02-2015,854.25,856.8,837,841.45,4559300,823.2387
23-02-2015,869.95,876.75,847.1,851.45,3224000,833.0222
20-02-2015,895.25,896,871.3,873.1,4278400,854.2036
19-02-2015,906.95,907.6,887.55,902.05,2183100,882.5271
18-02-2015,900,908,894.4,901.65,2248100,882.1358
17-02-2015,902.8,902.8,902.8,902.8,0,883.2609
16-02-2015,918.7,924.2,900,902.8,2803900,883.2609
13-02-2015,914,920.8,909.05,917.5,1690000,897.6427
12-02-2015,908,913.95,887.25,909.15,1990800,889.4735
11-02-2015,886,904.75,883,900.7,2235700,881.2063
10-02-2015,898,904.5,861.3,882,3120300,862.911
09-02-2015,901.2,918,892,896.7,2020600,877.2929
06-02-2015,924.1,930,903,909.9,2067700,890.2072
05-02-2015,936,939.9,917.6,923.7,2826500,903.7086
04-02-2015,939.1,943.8,925.9,928.8,3216800,908.6982
03-02-2015,913.2,940.85,913.2,937.6,3907000,917.3077
02-02-2015,916.05,919.9,905.7,908.05,4412200,888.3972
30-01-2015,930,931.25,909,915.25,4970900,895.4414
29-01-2015,907.1,934.5,906.9,929.4,8255800,909.2852
28-01-2015,886.1,909.8,886.1,906.85,4411200,887.2232
27-01-2015,892.9,896.7,880.5,889.05,4100700,869.8085
26-01-2015,886.9,886.9,886.9,886.9,0,867.705
23-01-2015,890,897.8,877,886.9,4132800,867.705
22-01-2015,905.15,907.2,879.5,883.75,5422300,864.6232
21-01-2015,905,911.4,892.05,906.75,3905100,887.1254
20-01-2015,881.5,905.55,878.85,903.05,3054100,883.5055
19-01-2015,870.2,886,858.75,879.65,3049200,860.6119
16-01-2015,860,875,852.05,869.7,4374300,850.8773
15-01-2015,840,871.1,840,864.25,3869200,845.5452
14-01-2015,843,847,831.2,834.95,2601200,816.8794
13-01-2015,853,854.95,840.5,843.15,2274100,824.9019
12-01-2015,860.5,861,841.6,850.3,2308700,831.8971
09-01-2015,848.4,862,845,860.3,3061300,841.6807
08-01-2015,860.1,862.9,840.15,842.05,4542400,823.8257
07-01-2015,837.1,858.8,837,854.3,4736300,835.8105
06-01-2015,870,873,832,836.1,4258000,818.0044
05-01-2015,885,890.9,874.1,875.85,2309500,856.8941
02-01-2015,888.1,896.05,884.3,885.55,1675800,866.3842
01-01-2015,886.3,892,883.65,887.9,677400,868.6834
31-12-2014,880,893.9,879.05,891.15,1934900,871.863
30-12-2014,897.1,898.4,877.1,880.15,2657800,861.1011
29-12-2014,888.5,899.05,886.95,897,1584400,877.5864
26-12-2014,886.6,892.65,880.1,888.85,1117800,869.6128
25-12-2014,884.15,884.15,884.15,884.15,0,865.0145
24-12-2014,893.75,897.15,880,884.15,5138400,865.0145
23-12-2014,902.35,904.15,891.8,893.75,2419100,874.4067
22-12-2014,902,906.8,891,904.9,1898400,885.3155
19-12-2014,885.1,908.4,882.5,900.55,4588400,881.0596
18-12-2014,881.55,884.8,864.65,880.1,3422000,861.0521
17-12-2014,865.25,874.9,864.45,869.5,4749900,850.6816
16-12-2014,876.8,883.25,859.7,864.6,4774200,845.8876
15-12-2014,877.95,881.8,872,878.8,2891100,859.7803
12-12-2014,907,911,879.35,882.35,4085800,863.2534
11-12-2014,929,929,903.35,906.15,5170700,886.5384
10-12-2014,931.45,940.95,930,932.55,3027000,912.367
09-12-2014,941,950.7,931,939.85,2422600,919.509
08-12-2014,960,962.85,942.25,944.6,2340400,924.1562
05-12-2014,961,967,955.1,957.35,2296800,936.6302
04-12-2014,968.1,974.95,955.7,958.55,2463000,937.8043
03-12-2014,958.55,974,958.55,968.35,2237700,947.3922
02-12-2014,962,971.25,958,962.65,2160800,941.8156
01-12-2014,989,991.95,958.55,961.6,3973200,940.7883
28-11-2014,989.7,1017.35,983.2,991.6,4773000,970.139
27-11-2014,990,993,983.05,988.65,2806900,967.2529
26-11-2014,991.95,993,982.6,987.05,3007000,965.6875
25-11-2014,985.1,994.9,973.3,993,3338700,971.5087
24-11-2014,1000.2,1004.15,981.7,985.35,2840400,964.0242
21-11-2014,980.2,1001,980.2,997.7,2683500,976.107
20-11-2014,978,983.7,970.3,980.75,2592500,959.5238
19-11-2014,988.65,992,976.5,978.15,1851300,956.9801
18-11-2014,985.45,997.7,985.2,988.65,3065400,967.2529
17-11-2014,966,987.55,966,985.2,2337100,963.8775
14-11-2014,969,977.75,965.05,969.15,1925500,948.1749
13-11-2014,974,979.8,963.4,969.25,1609500,948.2727
12-11-2014,981.95,983,968.7,974.05,2122600,952.9688
11-11-2014,972.4,987.8,966.25,977.7,2308700,956.5398
10-11-2014,982.8,989.8,967.25,969.35,2396100,948.3705
07-11-2014,990.45,995.35,978.05,980.5,2659200,959.2792
06-11-2014,991.3,991.3,991.3,991.3,0,969.8455
05-11-2014,1002,1008.5,988.4,991.3,3595600,969.8455
04-11-2014,1002.35,1002.35,1002.35,1002.35,0,980.6563
03-11-2014,1004,1009,990.15,1002.35,2828900,980.6563
31-10-2014,981.85,1003.7,981.85,1000.55,3219800,978.8953
30-10-2014,948,981.55,947.1,979.25,7484900,958.0563
29-10-2014,936.6,953.4,934.15,951.6,4004000,931.0047
28-10-2014,941.1,942,926.1,934.05,5034100,913.8345
27-10-2014,963.95,963.95,936.8,941.35,2302400,920.9765
24-10-2014,945.65,945.65,945.65,945.65,0,925.1835
23-10-2014,945.65,945.65,945.65,945.65,0,925.1835
22-10-2014,935.1,950.8,933.15,945.65,3059300,925.1835
21-10-2014,934.25,937,927.1,929.35,4028000,909.2362
20-10-2014,938.5,940.6,911.55,935.05,4843000,914.8129
17-10-2014,936,940.65,925.2,937.9,3500300,917.6012
16-10-2014,951.65,956.9,928,931,4347000,910.8505
15-10-2014,961.25,961.25,961.25,961.25,0,940.4459
14-10-2014,979,979,958.6,961.25,4360800,940.4459
13-10-2014,961.8,964.75,948.05,957.9,3173100,937.1684
10-10-2014,947,969,936.1,960.65,3535100,939.8589
09-10-2014,938.2,957.25,938.2,954.65,2552000,933.9887
08-10-2014,921.15,941.5,921.15,936.7,2246400,916.4272
07-10-2014,927.25,934.9,923.45,926.15,2835300,906.1055
06-10-2014,927.2,927.2,927.2,927.2,0,907.1328
03-10-2014,927.2,927.2,927.2,927.2,0,907.1328
02-10-2014,927.2,927.2,927.2,927.2,0,907.1328
01-10-2014,943.6,945.6,926,927.2,1978600,907.1328
30-09-2014,928,948.45,925.05,945.7,4032700,925.2324
29-09-2014,936.95,942.7,929.6,933.15,2852900,912.954
26-09-2014,929,941.65,917.3,933.25,3635600,913.0519
25-09-2014,966.1,967.8,922.65,929.85,7564200,909.7254
24-09-2014,968.5,974.1,955.4,965.05,3518800,944.1636
23-09-2014,991.7,995.45,963.05,965.85,4044600,944.9463
22-09-2014,993,996,987.7,991.55,1805800,970.0901
19-09-2014,1006,1015.8,991,995.45,3924700,973.9057
18-09-2014,985,1010,983.7,1004.9,2077600,983.1512
17-09-2014,984.9,990.55,978.95,988.65,2488600,967.2529
16-09-2014,1001.4,1004.15,976.5,979.4,3027100,958.2031
15-09-2014,1009.1,1012,1001,1002.75,1997400,981.0477
12-09-2014,1018.5,1024,1011.45,1015.6,2000000,993.6195
11-09-2014,1020.3,1030,1008,1019.4,2427300,997.3373
10-09-2014,1028.15,1029.1,1012.6,1015.85,2162100,993.8641
09-09-2014,1032.1,1041.3,1028.2,1033,2095300,1010.643
08-09-2014,1033.9,1039.35,1028,1037.7,3174200,1015.2412
05-09-2014,1027.7,1033.45,1020.6,1025.65,2075200,1003.4521
04-09-2014,1029,1033.9,1018.1,1025.9,2136500,1003.6967
03-09-2014,1025.15,1035.95,1021.1,1031.25,5011000,1008.9309
02-09-2014,1018.5,1031.55,1010.6,1023.8,3784500,1001.6421
01-09-2014,1004.35,1021,995.6,1014.1,3702400,992.152
29-08-2014,998.7,998.7,998.7,998.7,0,977.0853
28-08-2014,994.6,1004,994.6,998.7,3637600,977.0853
27-08-2014,997.2,1001.8,986.85,993.7,1918100,972.1936
26-08-2014,996,996.95,983,993.35,2182500,971.8511
25-08-2014,1000,1008.5,993.45,995.8,1704100,974.2481
22-08-2014,1000.1,1007,995.3,998.3,1959300,976.694
21-08-2014,1000,1004,990.1,995.1,3760000,973.5632
20-08-2014,1011,1018.45,995.35,998.35,2976600,976.7429
19-08-2014,1015,1023,1006.1,1009.3,3328000,987.4559
18-08-2014,1001.1,1015.45,997.5,1013.05,1747100,991.1247
15-08-2014,1002.95,1002.95,1002.95,1002.95,0,981.2434
14-08-2014,995,1005,991.75,1002.95,2757100,981.2434
13-08-2014,983.3,996.6,980,990.15,3226100,968.7204
12-08-2014,986,986.95,976.35,984.4,2184400,963.0948
11-08-2014,985.15,987.25,977.4,980.5,1530700,959.2792
08-08-2014,979.55,983.5,973.1,980.5,2084300,959.2792
07-08-2014,989,996.7,983.35,989.3,2478700,967.8888
06-08-2014,984.9,998.6,979.5,988.15,3739200,966.7637
05-08-2014,985.1,987.85,971,983.85,2796400,962.5567
04-08-2014,981,989.7,976.05,985,3353800,963.6818
01-08-2014,995,999,975,976.3,3617600,955.1701
31-07-2014,1007.95,1019.9,1002,1006.45,4051100,984.6676
30-07-2014,1004,1011,993,1006.15,4255400,984.3741
29-07-2014,1005.6,1005.6,1005.6,1005.6,0,983.836
28-07-2014,1021,1023.55,1001.6,1005.6,2142400,983.836
25-07-2014,1041.9,1043.3,1007.05,1021.85,3093300,999.7343
24-07-2014,1030,1043.2,1024,1041.05,2211200,1018.5188
23-07-2014,1035.05,1039.8,1021.05,1033.25,3136400,1010.8876
22-07-2014,1004,1033.9,1001.1,1030.95,6512300,1008.6373
21-07-2014,1000,1008,995.05,997.65,3883000,976.0581
18-07-2014,980,983.55,969.3,976.75,2133200,955.6104
17-07-2014,988,998.2,980.3,982.5,2154800,961.2359
16-07-2014,974,993,974,989.7,3190400,968.2801
15-07-2014,963.4,980,963.05,972.2,3507600,951.1589
14-07-2014,968.6,974.9,958.5,961.75,3146300,940.935
11-07-2014,995.2,1002,963.65,966.5,4065000,945.5822
10-07-2014,1000.25,1021.5,981.05,997.2,4251600,975.6178
09-07-2014,1002,1009.9,992.5,1000.95,3406600,979.2866
08-07-2014,1026,1034.5,990,995.05,3996700,973.5143
07-07-2014,1033,1037,1021,1027.2,3204500,1004.9685
04-07-2014,1005,1036.8,1003.3,1031.95,2961700,1009.6157
03-07-2014,1020,1025,1003.5,1006.5,2645900,984.7165
02-07-2014,1017,1027.35,1012,1018.25,2810000,996.2122
01-07-2014,1017.2,1020.55,1006.95,1008,2206500,986.1841
30-06-2014,1012.55,1020,1000,1015.4,4721700,993.4239
27-06-2014,1010,1023.5,1007.2,1012.1,2108700,990.1953
26-06-2014,1025,1026.9,1006.7,1011.9,5595800,989.9997
25-06-2014,1057.65,1059.35,1048.15,1051,2414900,1028.2534
24-06-2014,1045,1062.8,1045,1059.85,2717800,1036.9119
23-06-2014,1037,1044.9,1024,1037.95,3375700,1015.4858
20-06-2014,1045.9,1049.4,1034.25,1036.5,2938400,1014.0672
19-06-2014,1074,1074.95,1031.6,1042.1,5286200,1019.546
18-06-2014,1088,1101.65,1060.65,1066.75,4391700,1043.6625
17-06-2014,1058.1,1093.3,1058.1,1090.05,3617300,1066.4583
16-06-2014,1084,1084,1057.15,1065.45,3285000,1042.3906
13-06-2014,1100.3,1107,1072.7,1081.9,3348000,1058.4847
12-06-2014,1098.55,1113.5,1084.1,1094.15,2689800,1070.4695
11-06-2014,1120,1120,1092.5,1102.1,3466300,1078.2474
10-06-2014,1130.45,1130.45,1100.45,1118.3,3602600,1094.0969
09-06-2014,1130,1132.7,1112.1,1122.65,3085300,1098.3527
06-06-2014,1107.4,1133,1104.1,1122.4,6701900,1098.1081
05-06-2014,1078.5,1094.9,1064.25,1089.9,4565800,1066.3115
04-06-2014,1092.65,1101.8,1076.25,1077.5,2017500,1054.1799
03-06-2014,1083.3,1102,1077.35,1095.4,2485600,1071.6925
02-06-2014,1074.75,1088.25,1065.3,1082.2,2012900,1058.7781
30-05-2014,1085,1089.7,1060,1064.7,3953000,1041.6569
29-05-2014,1092.5,1093.4,1068.35,1073.55,6322400,1050.3154
28-05-2014,1089.6,1106.6,1084.75,1088.9,2594800,1065.3332
27-05-2014,1103,1108,1075.1,1087.95,2576900,1064.4037
26-05-2014,1132.5,1140,1075,1101.7,3674100,1077.8561
23-05-2014,1111.55,1132,1102,1127.45,3786800,1103.0488
22-05-2014,1086,1113.4,1084.7,1100.8,4284800,1076.9756
21-05-2014,1079.85,1102.95,1073.75,1078.4,5026900,1055.0604
20-05-2014,1127.9,1129,1075.7,1079.85,5145100,1056.479
19-05-2014,1091,1124.75,1086.9,1120.05,5439800,1095.809
16-05-2014,1090.1,1145.25,1062.1,1079.25,12031100,1055.892
15-05-2014,1045.5,1060,1039.25,1053.4,4769300,1021.3071
14-05-2014,1064,1068,1041.1,1045.5,4428900,1013.6477
13-05-2014,1040,1068.8,1034.5,1063.4,6140400,1031.0024
12-05-2014,994.9,1049,994.1,1028.7,7051200,997.3595
09-05-2014,955.8,999,955.8,997.6,4217800,967.207
08-05-2014,963.1,970.1,950.75,960.3,2731300,931.0434
07-05-2014,960.1,971.4,957.05,960.85,2416400,931.5766
06-05-2014,947.9,967,947.55,963.35,2832600,934.0005
05-05-2014,925,958.5,925,946.85,3474200,918.0032
02-05-2014,940,947.4,926,928.1,2073300,899.8244
01-05-2014,935.8,935.8,935.8,935.8,0,907.2898
30-04-2014,943.9,960,929.1,935.8,3289500,907.2898
29-04-2014,946.05,951.75,938,940.3,1919200,911.6527
28-04-2014,949.8,956,941.35,945,3796800,916.2096
25-04-2014,968,969,946,948.25,3029200,919.3605
24-04-2014,967.15,967.15,967.15,967.15,0,937.6848
23-04-2014,969,982,964.25,967.15,3494600,937.6848
22-04-2014,960,988.75,956.1,967.75,4418900,938.2665
21-04-2014,969.95,969.95,956.1,959.6,2701200,930.3647
18-04-2014,959.1,959.1,959.1,959.1,0,929.88
17-04-2014,945,961.8,943.8,959.1,1793400,929.88
16-04-2014,946.5,959,938.1,941.3,2830100,912.6223
15-04-2014,950,954,936.6,949.1,2117700,920.1846
14-04-2014,953.75,953.75,953.75,953.75,0,924.693
11-04-2014,962.3,971.05,950.6,953.75,2672500,924.693
10-04-2014,964.7,973.9,962.2,969.05,2434200,939.5268
09-04-2014,950,966.7,947.15,962.15,3071900,932.8371
08-04-2014,944.15,944.15,944.15,944.15,0,915.3855
07-04-2014,944,954.95,934.35,944.15,2949900,915.3855
04-04-2014,952,953.25,941.55,944.25,2860400,915.4824
03-04-2014,956.8,962.95,940.4,952.65,6069000,923.6265
02-04-2014,945,962,938.1,958.2,6121400,929.0074
01-04-2014,936,945,929.3,942.6,3575100,913.8826
31-03-2014,916.25,939.8,913.2,930.75,4286300,902.3937
28-03-2014,900,919.95,900,916.15,4267100,888.2385
27-03-2014,894.85,904.9,892.1,900.75,12665300,873.3077
26-03-2014,881.25,902.95,881.15,891.2,3156900,864.0486
25-03-2014,879,882.5,872.5,879.3,7154500,852.5112
24-03-2014,891.25,908.75,891.1,905.4,6586700,877.816
21-03-2014,907,913.35,882.15,885.8,5040400,858.8131
20-03-2014,901.6,907.5,898.15,906,6791600,878.3977
19-03-2014,900,909.9,895.25,903,3743300,875.4891
18-03-2014,889.5,908.8,889.5,896.45,4351000,869.1387
17-03-2014,886.15,886.15,886.15,886.15,0,859.1525
14-03-2014,874,889.95,869.05,886.15,3780800,859.1525
13-03-2014,875,894.75,874.7,879.55,3936600,852.7535
12-03-2014,874,882.9,867.65,871.35,2155800,844.8034
11-03-2014,885,887.8,872.1,874.75,2921300,848.0998
10-03-2014,865.1,903.65,863.4,885.45,7513400,858.4738
07-03-2014,825,874,825,869.4,7679700,842.9128
06-03-2014,809.35,824.4,809.3,822.45,2325200,797.3932
05-03-2014,815.55,818,805.15,807,2703600,782.4139
04-03-2014,803,814.65,802.6,812.95,2056500,788.1826
03-03-2014,800.1,806.8,797.15,803.4,2659600,778.9236
28-02-2014,810.7,815.35,793.1,799.95,4331600,775.5787
27-02-2014,810.7,810.7,810.7,810.7,0,786.0012
26-02-2014,811,816.85,808.25,810.7,3110500,786.0012
25-02-2014,814.3,816,807.55,810.55,1609000,785.8557
24-02-2014,808.05,814.95,805.3,812.35,1554500,787.6009
21-02-2014,807.1,816,805.6,811.5,1430000,786.7768
20-02-2014,811.3,813.7,803.1,805.45,1838100,780.9111
19-02-2014,813,820,810,812.25,1401200,787.5039
18-02-2014,807.1,817.85,807.1,813.15,1312300,788.3765
17-02-2014,817.65,822,807.05,812.3,2070600,787.5524
14-02-2014,811.9,824,808,822.05,2107200,797.0053
13-02-2014,818.9,818.9,805.05,807.4,1978900,782.8017
12-02-2014,808,821.9,807.4,817.9,2246700,792.9818
11-02-2014,823,825,802.75,805.25,2882200,780.7172
10-02-2014,815.25,825.6,811.15,821.95,2364700,796.9084
07-02-2014,822.1,823.8,810.6,814.45,1933500,789.6369
06-02-2014,820,824.1,808.15,815.85,2474700,790.9942
05-02-2014,820.1,821.5,806.9,817.25,2582600,792.3516
04-02-2014,814.5,826.65,813.15,821.55,2825800,796.5206
03-02-2014,826.2,829.8,819.45,820.9,1880700,795.8904
31-01-2014,827,833.45,826.15,831.15,2523100,805.8281
30-01-2014,831.4,833.85,822.2,825,3223400,799.8655
29-01-2014,849.8,852.5,835,836.6,2828500,811.1121
28-01-2014,847,856,842.7,844.85,2645500,819.1107
27-01-2014,856,860.8,840.35,843.15,2822000,817.4625
24-01-2014,862,874.65,861.1,867.65,2715300,841.2161
23-01-2014,860.6,871.3,860.6,865.8,3146900,839.4225
22-01-2014,863.5,875.35,858.15,872.45,1947000,845.8699
21-01-2014,872.65,873.6,862,863.05,2241500,836.7562
20-01-2014,886.9,889,866.1,869.75,3789000,843.2521
17-01-2014,889.15,896.9,880.25,884.75,3534600,857.7951
16-01-2014,888.7,893.3,882.05,886.15,4123200,859.1525
15-01-2014,884.7,895,881,885.45,2893900,858.4738
14-01-2014,878.5,884.55,872.45,881.5,2760200,854.6442
13-01-2014,868.25,883,868,880.4,2756300,853.5777
10-01-2014,848.35,876.3,848,858.15,3392100,832.0056
09-01-2014,850.45,853.8,845.05,850.7,1899300,824.7825
08-01-2014,844.4,857.35,844.4,849.05,2909000,823.1828
07-01-2014,854.6,859.95,840.05,842.1,3957100,816.4445
06-01-2014,862.1,863.25,850,854.95,3043700,828.903
03-01-2014,871.6,873.35,855,864.25,2933600,837.9197
02-01-2014,887.7,896,870.1,875,1376900,848.3422
01-01-2014,897.45,898.25,887.6,888.8,1337000,861.7217
31-12-2013,888,898.25,887.1,895.2,1304200,867.9268
30-12-2013,881,889.85,875.85,887.1,2357900,860.0735
27-12-2013,888.6,893.9,876.9,878.85,1770200,852.0749
26-12-2013,894.5,900,882.1,887.55,3341800,860.5098
25-12-2013,898.05,898.05,898.05,898.05,0,870.6899
24-12-2013,896.5,905,895.1,898.05,1670200,870.6899
23-12-2013,899,909,890,896.25,3701200,868.9448
20-12-2013,872,898,862.1,895.15,4687900,867.8783
19-12-2013,864.4,864.4,843.7,854.05,3074500,828.0304
18-12-2013,839.2,863.85,839.2,859.95,2745200,833.7507
17-12-2013,848.7,852.9,836.75,839.2,2306200,813.6329
16-12-2013,860,862.25,843.2,845.05,2296300,819.3046
13-12-2013,867,868.1,857.65,864.7,2040300,838.356
12-12-2013,878,880,868,870.2,1300600,843.6884
11-12-2013,882.5,884.95,872.5,882.6,1137700,855.7106
10-12-2013,878.5,888.7,878.5,884.65,1992900,857.6982
09-12-2013,882.1,888,876.2,878.95,2904100,852.1719
06-12-2013,870.15,874.65,861.2,866.7,1668900,840.2951
05-12-2013,872,877,868.05,871,2865100,844.464
04-12-2013,860.9,867.5,853.2,856.05,2002600,829.9695
03-12-2013,855,865.5,850.65,861.9,2099400,835.6413
02-12-2013,853,862.95,852.3,855.3,1650700,829.2424
29-11-2013,850.95,856.5,848.6,853.2,2259300,827.2064
28-11-2013,843.1,856.4,843.1,847.95,2867900,822.1163
27-11-2013,844.5,849.5,835.25,837.95,2610800,812.421
26-11-2013,850.5,856.8,837.55,841.25,3192300,815.6204
25-11-2013,847.35,856.85,844.05,851.7,2303700,825.7521
22-11-2013,851,856.45,839.1,843.75,1710200,818.0442
21-11-2013,859.9,860,843.45,847.6,2620800,821.7769
20-11-2013,874.85,883,857,862.5,2992300,836.223
19-11-2013,875,884.9,875,878.35,1928000,851.5901
18-11-2013,858.1,877.75,856.15,874.75,2759700,848.0998
15-11-2013,851.65,851.65,851.65,851.65,0,825.7036
14-11-2013,851.25,864,850.4,851.65,1835800,825.7036
13-11-2013,849.9,861.4,842.1,844.4,1918100,818.6745
12-11-2013,865,871.6,850.2,852.6,2781800,826.6246
11-11-2013,874,882.1,860.2,863.9,2034600,837.5804
08-11-2013,886,888,871.15,875.95,2001400,849.2632
07-11-2013,899,905.8,882.1,885.9,2238400,858.9101
06-11-2013,910,919.9,894.95,898.6,2198900,871.2232
05-11-2013,903.35,921.7,903.35,909.7,2504200,881.985
04-11-2013,908.25,908.25,908.25,908.25,0,880.5792
01-11-2013,910.1,926.55,903.35,908.25,2718000,880.5792
31-10-2013,900,918,896,914.7,4521300,886.8327
30-10-2013,896.5,902.9,894.7,898.15,2197700,870.7869
29-10-2013,889.1,903.95,883.9,896.8,3303100,869.478
28-10-2013,888,904.85,887.85,890.75,3514300,863.6123
25-10-2013,884.1,892.8,879.35,887,2273400,859.9766
24-10-2013,892.05,911,881.35,884.5,2678300,857.5528
23-10-2013,905.2,909.2,887.65,896.75,2044600,869.4295
22-10-2013,907.4,910.95,897.5,904.2,2342100,876.6526
21-10-2013,905.65,915.5,896.15,913.2,3461500,885.3784
18-10-2013,881.6,908,881.6,905.65,5069300,878.0584
17-10-2013,870,888,864.65,880.35,4026100,853.5292
16-10-2013,867.8,867.8,867.8,867.8,0,841.3615
15-10-2013,897.3,898.65,864,867.8,5266900,841.3615
14-10-2013,865,875,863.2,870.3,2778800,843.7854
11-10-2013,865,868,854.3,863.35,2233900,837.0471
10-10-2013,859,862.8,848.05,860,2142100,833.7992
09-10-2013,839.95,867.65,837.5,860.9,2732600,834.6718
08-10-2013,849.7,854.7,839.2,844.95,2770200,819.2077
07-10-2013,847.6,852.4,836,844.05,2575100,818.3351
04-10-2013,840.55,859.7,838,854.4,2265200,828.3698
03-10-2013,823.4,848.9,823.4,846.95,2082000,821.1468
02-10-2013,821.45,821.45,821.45,821.45,0,796.4237
01-10-2013,826.3,829.9,817.7,821.45,2082000,796.4237
30-09-2013,832.05,844.5,819.1,822.4,3639600,797.3447
27-09-2013,842,854.5,837,839.9,2744400,814.3116
26-09-2013,846.65,850.15,835.25,838.25,4543000,812.7118
25-09-2013,872.4,874.9,842.2,849.05,3993900,823.1828
24-09-2013,872,884.55,868.15,874.6,2823600,847.9543
23-09-2013,872.05,881,865,874.35,2028600,847.712
20-09-2013,886,901,870.5,881.9,4197300,855.032
19-09-2013,888.05,895.95,880.55,890.6,4328300,863.4669
18-09-2013,860.5,875,856.8,871.95,3132500,845.3851
17-09-2013,856.35,864,852.6,858.15,2498400,832.0056
16-09-2013,885.95,887.7,854,861.75,2754500,835.4959
13-09-2013,868,883.7,867.05,873,2246000,846.4031
12-09-2013,888,901,871.15,875.4,4109700,848.73
11-09-2013,889,892.9,874.15,887.75,3396900,860.7037
10-09-2013,872.9,893.55,866.25,890.35,4227300,863.2245
09-09-2013,868,868,868,868,0,841.5554
06-09-2013,870,873.5,841.5,868,3439700,841.5554
05-09-2013,863,869.75,851.1,862.55,3258200,836.2715
04-09-2013,833.75,864.55,833,849.35,3045500,823.4736
03-09-2013,888.2,891.7,828.3,831,3960600,805.6827
02-09-2013,853.2,890,853.2,886.75,4812200,859.7342
30-08-2013,843.8,860,828.3,853.85,4901600,827.8365
29-08-2013,816,853.4,812.5,845.25,7049000,819.4985
28-08-2013,795.1,818.55,763.9,811.8,5900400,787.0676
27-08-2013,814,824.9,800,803.25,2993200,778.7781
26-08-2013,822.5,831.45,808.4,822.6,2266600,797.5386
23-08-2013,813.7,824.7,808.5,819.5,3276000,794.533
22-08-2013,782.45,808.65,774.2,806.1,5095900,781.5413
21-08-2013,833,834.7,780.2,783.6,3591300,759.7268
20-08-2013,811.1,830.8,805.05,825.35,2610100,800.2048
19-08-2013,823,834,807.55,820.25,3691600,795.2602
16-08-2013,865,867,817.15,826.7,6245300,801.5137
15-08-2013,865,865,865,865,0,838.6468
14-08-2013,856,868,847.45,865,2573900,838.6468
13-08-2013,843,859.95,835,852.9,2637100,826.9155
12-08-2013,869,872.85,840.45,845.65,1995200,819.8864
09-08-2013,865.65,865.65,865.65,865.65,0,839.2771
08-08-2013,867.35,872.45,857.15,865.65,2598300,839.2771
07-08-2013,845,881.85,831,872.45,4296100,845.8699
06-08-2013,858.45,864.2,830.15,841.05,2837900,815.4265
05-08-2013,860,872.9,855.75,861.55,2870800,835.3019
02-08-2013,860,871.95,850,857.35,2930800,831.2299
01-08-2013,875.15,882.85,844.85,850,2530700,824.1038
31-07-2013,858.65,879.7,842.6,872.05,3610600,845.482
30-07-2013,887.05,892,853.9,857.35,2604200,831.2299
29-07-2013,887.05,898.65,882.55,885.7,2091800,858.7162
26-07-2013,892.2,903.7,885.45,890.15,2186400,863.0306
25-07-2013,905.95,912.2,877.45,890.75,3618700,863.6123
24-07-2013,908,916.9,895.15,909.35,3151800,881.6456
23-07-2013,912.05,925,907.25,909.55,2841500,881.8396
22-07-2013,915,915,898.95,909.05,3876400,881.3548
19-07-2013,919.05,927.9,913.05,923.7,3268400,895.5585
18-07-2013,918,919.95,909.2,917.25,2812300,889.305
17-07-2013,903,917.9,903,914.95,5287600,887.0751
16-07-2013,887,904.45,883.05,900.6,2965700,873.1622
15-07-2013,886,899.9,886,896.85,2951700,869.5265
12-07-2013,874.25,896,869.6,889.95,3285100,862.8367
11-07-2013,865,873.3,859.25,870.05,2598500,843.543
10-07-2013,874.25,879.85,839,856,5083100,829.921
09-07-2013,869.1,881.8,867.05,874.8,2953800,848.1483
08-07-2013,870,873.45,858.15,866.95,3258000,840.5374
05-07-2013,866.35,884.75,866.35,880.35,2915900,853.5292
04-07-2013,853.1,870.6,847.35,861.65,3024900,835.3989
03-07-2013,860.5,863.35,848.55,850.85,2929600,824.9279
02-07-2013,883.1,891.8,868.75,871.85,4064100,845.2881
01-07-2013,862,888,855.65,885.7,4685300,858.7162
28-06-2013,869.5,873,846,862.6,11002500,836.3199
27-06-2013,816.5,836.95,814.4,830,5886300,804.7132
26-06-2013,809.45,814.45,801.1,803.6,3808400,779.1174
25-06-2013,799.7,819.9,795,803.8,4396100,779.3114
24-06-2013,790,796.15,778.5,792.65,3728500,768.5011
21-06-2013,799.9,810.35,783.6,792.85,4682800,768.6949
20-06-2013,817.9,817.9,795,798,3982400,773.6881
19-06-2013,822,833.25,814.9,831.7,3961700,806.3614
18-06-2013,823.7,837.5,817.45,823.4,3579200,798.3143
17-06-2013,815.5,827.9,811.1,825.55,2534900,800.3987
14-06-2013,796.2,819.85,796.1,814.65,4017400,789.8308
13-06-2013,783,792.9,780.55,789.8,2223200,765.7379
12-06-2013,783.05,797.5,782.2,790.8,2920000,766.7074
11-06-2013,783.5,791.5,775.3,785.6,3026900,761.6658
10-06-2013,789,795.5,782,789.35,2597000,765.3016
07-06-2013,794.2,802,781,783.6,2153400,759.7268
06-06-2013,800,803.9,788.1,792,3911800,767.8709
05-06-2013,780.5,804.3,780.5,802,2914100,777.5662
04-06-2013,790.6,799.8,779.15,780.2,3372200,756.4304
03-06-2013,803.7,805.35,785.25,787.9,3237900,763.8958
31-05-2013,834.1,835.75,802.1,806.3,3922300,781.7352
30-05-2013,845,846,830,836.8,4165900,811.306
29-05-2013,840.5,849.8,833.45,847.9,5886500,822.0678
28-05-2013,830,846.9,826.2,843.4,4968100,817.7049
27-05-2013,802.75,832.8,801,828.3,4333100,803.0649
24-05-2013,793.4,794.7,779.2,786.45,1823000,762.49
23-05-2013,811.65,816,780.1,784.45,2925400,760.5509
22-05-2013,830.1,834,813.5,818.75,2875400,793.8059
21-05-2013,831.1,840,825.3,828.6,2421600,803.3558
20-05-2013,837.4,855,828.75,831.15,3025900,805.8281
17-05-2013,840.65,844.7,823.3,835.5,2853800,810.0456
16-05-2013,816,843.8,815.5,840.65,3473900,815.0387
15-05-2013,802,820.8,802,819,2572800,794.0483
14-05-2013,800.55,809,795.6,798.15,2017900,773.8335
13-05-2013,813.35,825.5,798.8,803,2077100,778.5357
10-05-2013,814.7,820.5,809.2,812.95,2075900,788.1826
09-05-2013,828.4,831.65,815,818.1,1870300,784.4499
08-05-2013,830.1,832.9,822.05,829.65,2710600,795.5249
07-05-2013,821.5,835.9,819.65,828.15,3778400,794.0866
06-05-2013,802.2,824.95,802.2,821.6,2139100,787.8059
03-05-2013,803,815.9,794.9,800.5,2952600,767.5739
02-05-2013,787.4,807,783.4,802.9,6225700,769.8752
01-05-2013,788.2,788.2,788.2,788.2,0,755.7798
30-04-2013,793.65,796.65,777.15,788.2,4011300,755.7798
29-04-2013,793.1,798.9,788.45,792.65,4793000,760.0468
26-04-2013,813,825,789.7,792.4,4766400,759.807
25-04-2013,807.6,826.6,807.6,819.65,5925200,785.9362
24-04-2013,803.7,803.7,803.7,803.7,0,770.6422
23-04-2013,791.5,805.8,786.05,803.7,2824400,770.6422
22-04-2013,786,794.7,778.3,789.75,2923700,757.266
19-04-2013,781.6,781.6,781.6,781.6,0,749.4512
18-04-2013,776.5,785.2,772.65,781.6,3152900,749.4512
17-04-2013,805.85,809.6,769.2,773.7,7338800,741.8762
16-04-2013,797,810,785.4,804.95,4062900,771.8408
15-04-2013,773.05,799.95,773.05,793.6,3699400,760.9576
12-04-2013,767,780.4,765,775.35,2594300,743.4583
11-04-2013,784,785.1,764.15,771.1,2612300,739.3831
10-04-2013,780.1,783.95,771.6,779.4,2786400,747.3418
09-04-2013,792.1,795.6,771.1,776.95,2990200,744.9925
08-04-2013,778.1,794.35,778,789.4,2029400,756.9304
05-04-2013,769,782.4,767.7,780.1,2969200,748.0129
04-04-2013,772.5,777.95,764.2,767.55,2723700,735.9791
03-04-2013,797.8,799,771,776.55,2130700,744.609
02-04-2013,780.2,796.5,778.3,793.9,2539700,761.2453
01-04-2013,781,790.8,773.8,778.75,1903300,746.7185
29-03-2013,772.9,772.9,772.9,772.9,0,741.1091
28-03-2013,785,785.95,764.4,772.9,6060500,741.1091
27-03-2013,783.35,783.35,783.35,783.35,0,751.1292
26-03-2013,802.5,805,780,783.35,4449500,751.1292
25-03-2013,820.6,823.35,802.25,809.25,3213500,775.964
22-03-2013,808.3,821,804.35,810.6,2714800,777.2584
21-03-2013,825,832.8,804.75,812.6,3808200,779.1761
20-03-2013,829.4,829.8,813.35,822.7,4612600,788.8607
19-03-2013,836.6,839,811.9,825,4107700,791.0661
18-03-2013,835,843.5,830.8,834.3,1833900,799.9836
15-03-2013,864.75,869.4,838.3,843.65,2924300,808.949
14-03-2013,844,863.45,835.25,860.05,3380800,824.6744
13-03-2013,842.2,856.6,840.2,845,2149100,810.2435
12-03-2013,850.5,854.5,843.55,847.85,1954900,812.9762
11-03-2013,852.1,860.6,840.05,844.5,2415800,809.764
08-03-2013,843,854.7,840,851.3,2315900,816.2843
07-03-2013,831.25,841.5,824.05,836.5,2406900,802.0931
06-03-2013,831.9,838.4,826.7,835.25,2463600,800.8945
05-03-2013,819.1,834.45,819.1,826.35,3008000,792.3606
04-03-2013,808.9,818.25,804.9,812.6,3416800,779.1761
01-03-2013,816,818.5,805.5,810.4,3178800,777.0667
28-02-2013,837.2,839.55,805.75,813.85,6324400,780.3747
27-02-2013,830,840.95,827.15,831.3,4048000,797.107
26-02-2013,849.7,849.7,818.75,823.5,3080100,789.6278
25-02-2013,864,864.95,851,854.35,2258000,819.2089
22-02-2013,858.5,872,858,862.6,2223000,827.1195
21-02-2013,869,876.8,853.65,859.2,3706300,823.8594
20-02-2013,857.95,878.85,856.6,874.8,3399700,838.8177
19-02-2013,849,855,834.25,848.4,2212000,813.5037
18-02-2013,848,854.6,843.2,847.5,1213700,812.6407
15-02-2013,854.9,857.4,834.1,845.8,3289400,811.0106
14-02-2013,880,883.45,851,856.05,2808100,820.839
13-02-2013,884,888,872.5,879,2407700,842.845
12-02-2013,868.6,880.35,865.2,875.45,2223800,839.441
11-02-2013,865,875,860.6,868.4,1904000,832.681
08-02-2013,869.95,874,857,863.55,2190700,828.0305
07-02-2013,871.6,882,868.35,872.9,1952600,836.9959
06-02-2013,880.45,882.9,870.8,875.65,2257600,839.6328
05-02-2013,884,885.9,873,874.75,2219100,838.7698
04-02-2013,896.05,901,884.1,886.7,3130900,850.2283
01-02-2013,891.35,899.8,883.6,894,1863500,857.228
31-01-2013,896.65,898,883.1,886.65,3825000,850.1804
30-01-2013,887.5,903.4,887.5,899.4,4032600,862.4059
29-01-2013,895,902,880.1,882.85,3529100,846.5366
28-01-2013,911.35,913.15,895,897.55,3063200,860.632
25-01-2013,916.25,917.35,905.1,912.2,3220300,874.6794
24-01-2013,925,928.35,907,915.55,3071700,877.8916
23-01-2013,922.1,928.8,916.2,923.05,2674800,885.0831
22-01-2013,920,930.7,915.55,920.05,4266300,882.2065
21-01-2013,938.1,955,918.05,919.95,10047900,882.1107
18-01-2013,895,902.95,885.65,900.2,5201300,863.173
17-01-2013,862.1,893.55,859.75,890,5055600,853.3925
16-01-2013,846.05,870.9,846.05,861.35,4469000,825.921
15-01-2013,846.15,851.8,838,847.15,2374400,812.3051
14-01-2013,841,853,839,847.55,1614000,812.6886
11-01-2013,852.5,853,836.25,839.9,1840100,805.3533
10-01-2013,857.75,858.95,847,850.05,2112000,815.0858
09-01-2013,852.4,859.85,848.65,852.7,3902300,817.6268
08-01-2013,855.1,858.1,847.9,850.65,3194100,815.6611
07-01-2013,865.7,871,851.8,856.6,3498900,821.3663
04-01-2013,861.9,864.6,853.55,861.85,3041600,826.4004
03-01-2013,848.6,862,844.6,860.75,3946900,825.3457
02-01-2013,844,856,842.55,847.95,3072500,813.0722
01-01-2013,844,846.6,839.1,840.7,1561500,806.1204
31-12-2012,840.3,849.8,836.8,839.55,2224200,805.0176
28-12-2012,823.5,846,821.55,840.25,3326000,805.6889
27-12-2012,830.3,832,815.1,817.7,3680600,784.0664
26-12-2012,822,835.9,822,828.25,1331200,794.1824
25-12-2012,820.7,820.7,820.7,820.7,0,786.943
24-12-2012,825.6,827.35,815.6,820.7,1303800,786.943
21-12-2012,833,834.5,822.2,825.25,2149300,791.3058
20-12-2012,841.95,841.95,829.5,837.85,2189200,803.3876
19-12-2012,835.2,843.05,834.05,839.5,1993000,804.9697
18-12-2012,834.5,839.45,826,831.4,1827700,797.2029
17-12-2012,834.5,844.4,831,834.15,1656400,799.8398
14-12-2012,834.5,846.8,828.5,839.25,2045900,804.73
13-12-2012,832.6,841,830.4,834.25,2652200,799.9357
12-12-2012,825,834.8,819.35,832.6,2314000,798.3535
11-12-2012,832,838.35,814.5,820.05,3715200,786.3197
10-12-2012,834.6,837.95,821.25,828.3,1869300,794.2304
07-12-2012,841.05,849.7,830.45,834.6,3014700,800.2712
06-12-2012,835.95,845.85,822,843.9,2636600,809.1888
05-12-2012,828.25,837.1,820.6,832.6,3089600,798.3535
04-12-2012,806.15,825.7,806,824.7,3492500,790.7785
03-12-2012,795,807,789.75,804,2359000,770.9299
30-11-2012,796.05,808,790,793.7,4170400,761.0536
29-11-2012,786,804,782.65,798.3,4483400,765.4643
28-11-2012,786.8,786.8,786.8,786.8,0,754.4374
27-11-2012,777,788,774,786.8,2470600,754.4374
26-11-2012,774.9,779.45,771,773.65,1038400,741.8283
23-11-2012,766,775.8,766,773.75,1707300,741.9241
22-11-2012,773.05,773.7,761.4,765.85,2397100,734.3491
21-11-2012,766.5,773.9,761.1,771.2,1968700,739.479
20-11-2012,780.7,780.7,762.2,765.35,2156400,733.8696
19-11-2012,775.25,778.25,761.35,774.3,4737100,742.4515
16-11-2012,787.4,792.65,771,775.15,3281900,743.2666
15-11-2012,788.85,788.85,777.05,784.6,3486400,752.3278
14-11-2012,786.65,786.65,786.65,786.65,0,754.2936
13-11-2012,786.65,786.65,786.65,786.65,0,754.2936
12-11-2012,785.85,789.4,779,786.65,2894100,754.2936
09-11-2012,793.35,803.5,785,787.65,2421900,755.2524
08-11-2012,793,798.3,789.75,796.6,2837700,763.8342
07-11-2012,802,805.3,798,800.85,2381300,767.9094
06-11-2012,804,807.4,796.25,805.45,3531600,772.3203
05-11-2012,803.65,808.95,801.85,806.15,1158100,772.9915
02-11-2012,812,814.9,802.5,807.95,2639600,774.7174
01-11-2012,795,808.8,788.7,807.1,4201100,773.9024
31-10-2012,803.15,807.35,798,805.5,2153800,772.3682
30-10-2012,810,811.8,799.15,803.25,2134300,770.2107
29-10-2012,802.35,814.4,802.35,811.2,2511200,777.8338
26-10-2012,810.4,810.4,810.4,810.4,0,777.0667
25-10-2012,810.1,818.7,807.2,810.4,4127400,777.0667
24-10-2012,809.95,809.95,809.95,809.95,0,776.6352
23-10-2012,813.5,814.8,804.8,809.95,2170100,776.6352
22-10-2012,795.2,816.95,791.7,815.6,3237900,782.0527
19-10-2012,807.7,810.5,799.35,802.8,2891200,769.7792
18-10-2012,807.25,816,797,811.3,6080600,777.9296
17-10-2012,816.05,817.4,801.55,805.15,4780900,772.0326
16-10-2012,838.9,839.95,810,812.45,5068100,779.0323
15-10-2012,819,829.9,819,823.05,2555800,789.1963
12-10-2012,818.8,826.4,816.05,818.9,2429000,785.2171
11-10-2012,819,822,809.3,819.95,2710300,786.2239
10-10-2012,811,822.3,807.4,816,2144300,782.4363
09-10-2012,825.5,826.7,813.1,815.3,2651900,781.7651
08-10-2012,854.55,854.55,816.25,819.4,4775700,785.6965
05-10-2012,859.9,862,682.35,857.8,3592100,822.517
04-10-2012,850.55,858.9,849.1,852.9,2886200,817.8186
03-10-2012,834.45,853.45,834.25,846.1,5006600,811.2982
02-10-2012,833.5,833.5,833.5,833.5,0,799.2165
01-10-2012,840,842.3,829.25,833.5,1991400,799.2165
28-09-2012,837,847.9,834.35,837.2,3227000,802.7643
27-09-2012,845.2,848,824.25,829.85,6953500,795.7166
26-09-2012,838,849.7,833.85,844.75,3807700,810.0038
25-09-2012,838,844.8,830.25,839.75,3163100,805.2094
24-09-2012,850,857.8,832.75,836.35,3407000,801.9493
21-09-2012,833,854.7,832,850.3,8214200,815.3255
20-09-2012,840.7,848.3,828.25,832.5,3499600,798.2576
19-09-2012,855.6,855.6,855.6,855.6,0,820.4075
18-09-2012,870.2,873.9,851.3,855.6,3953600,820.4075
17-09-2012,848.1,881.6,848.1,873.75,9698900,837.8109
14-09-2012,813,845.7,809.55,841.75,8300400,807.1272
13-09-2012,798.1,808.5,794.3,799.15,2669300,766.2794
12-09-2012,793.5,799.7,789.45,798.1,1776700,765.2725
11-09-2012,789.5,795.85,783.2,791,3122100,758.4646
10-09-2012,800,803.35,789.15,792.05,2006000,759.4714
07-09-2012,778.7,796.5,778.5,791.75,3159400,759.1838
06-09-2012,766.3,774.6,764,768.2,1212100,736.6024
05-09-2012,775.25,779.95,764.2,771.15,3012600,739.4311
04-09-2012,763.95,781.15,762.2,779.6,2001200,747.5335
03-09-2012,768,769.95,760.05,763.05,2237800,731.6642
31-08-2012,780,784.4,762.7,766.4,3378800,734.8765
30-08-2012,779.75,791.85,768.6,783.4,6227900,751.1772
29-08-2012,791,797.5,780.3,782.15,2021200,749.9787
28-08-2012,786.85,793.9,778.55,790.2,2005600,757.6975
27-08-2012,786,796.2,783.5,787.35,2092500,754.9647
24-08-2012,791.75,794.5,778.7,782.1,3455600,749.9307
23-08-2012,810.55,811.4,787.95,794.5,3808400,761.8206
22-08-2012,809.2,815.5,805.7,807.8,1999700,774.5736
21-08-2012,816,823.9,812.3,814.25,2527500,780.7583
20-08-2012,816.1,816.1,816.1,816.1,0,782.5322
17-08-2012,817.9,824.9,809.65,816.1,3275600,782.5322
16-08-2012,802.05,821.85,799.1,816.15,4944700,782.5802
15-08-2012,799.55,799.55,799.55,799.55,0,766.6629
14-08-2012,787.9,802,787,799.55,3773600,766.6629
13-08-2012,779.5,790,779.5,788.15,1413400,755.7319
10-08-2012,777.65,789,774.15,782.1,2440800,749.9307
09-08-2012,788.9,796.4,776.65,780.15,2914400,748.0609
08-08-2012,785.05,799,782.55,790.8,4199200,758.2728
07-08-2012,786.05,795.95,777.75,783.75,4496200,751.5128
06-08-2012,748.05,789.4,748.05,786.05,8545500,753.7182
03-08-2012,735,748,730.55,742.55,2501500,712.0074
02-08-2012,742.1,747.6,736.75,739.55,1822800,709.1308
01-08-2012,740.25,750.9,738.6,746.75,3298800,716.0347
31-07-2012,731.6,746.1,721,743.6,3081200,713.0142
30-07-2012,723,731.8,721.85,729.6,1591800,699.5901
27-07-2012,719,726.8,716.15,721,3078100,691.3438
26-07-2012,720.9,720.9,706.65,710.15,3204000,680.9402
25-07-2012,720.4,724.55,712.15,719.25,1999600,689.6658
24-07-2012,721,726.85,718.35,724.5,1836600,694.6999
23-07-2012,715,725.8,713.3,719,2336300,689.4261
20-07-2012,722.3,728.85,717.05,722.65,2836000,692.926
19-07-2012,720.2,729.9,718,727.8,2670100,697.8641
18-07-2012,718,721.85,712.2,715.8,1955000,686.3577
17-07-2012,724.8,727.95,717.3,719.35,2605100,689.7617
16-07-2012,720,724.15,715.05,720.35,1670300,690.7206
13-07-2012,720,726.5,715,718.5,2599700,688.9467
12-07-2012,721.9,729.8,717.1,721.2,2301000,691.5356
11-07-2012,733.45,736.6,722,725.65,2728600,695.8026
10-07-2012,731.45,742,730.8,739.7,1365600,709.2747
09-07-2012,729,733.8,726.1,731.8,1782600,701.6996
06-07-2012,738,738,729.5,734.85,2116500,704.6241
05-07-2012,734.95,742.4,732.05,738.7,1784200,708.3158
04-07-2012,740,740,728.85,734.25,2136500,704.0488
03-07-2012,739.95,742.65,731.3,736.35,2353200,706.0624
02-07-2012,735.5,740.8,730.15,737.4,1561600,707.0693
29-06-2012,725.1,740.9,725.1,737.85,3833500,707.5008
28-06-2012,724.4,727.8,716.65,719.9,2720900,690.2891
27-06-2012,726.4,729.6,718,722.5,1761900,692.7821
26-06-2012,717.5,725.5,714.45,723.5,3676500,693.741
25-06-2012,714.2,722.95,712,716.2,2540600,686.7413
22-06-2012,713.55,714.9,703.55,711,4372800,681.7552
21-06-2012,734,734,710.4,718.7,5168000,689.1385
20-06-2012,738,742.95,733,737.4,2357400,707.0693
19-06-2012,717,739.4,717,737.45,1783800,707.1172
18-06-2012,730.35,734.5,712,718.9,2293600,689.3302
15-06-2012,718.5,729.8,718.5,726.75,2271300,696.8573
14-06-2012,716,720.8,711.05,716.35,1709700,686.8851
13-06-2012,722.25,723.95,712.4,716.3,2274400,686.8372
12-06-2012,715,726,714.4,722.95,2734300,693.2137
11-06-2012,732.7,736.4,718.1,722.25,2275300,692.5424
08-06-2012,718,731.9,712.3,729.7,2907000,699.686
07-06-2012,721.05,731.9,716.25,721.25,6387700,691.5836
06-06-2012,704.45,718,698.5,715.9,5315200,686.4536
05-06-2012,696,706,695.1,702.55,3036600,673.6527
04-06-2012,677,697,673.4,692.75,3261800,664.2558
01-06-2012,707.35,709.45,678.05,685.25,4096500,657.0643
31-05-2012,697,729.05,682.35,705.6,9024900,676.5773
30-05-2012,699.65,708.65,695.15,706.25,3521000,669.0502
29-05-2012,702.2,709.8,697.55,701.85,3434300,664.8819
28-05-2012,692,703,692,701.65,2575100,664.6925
25-05-2012,695,695.3,688.55,691.2,3085000,654.7929
24-05-2012,694,700,686.1,695.3,2399800,658.6769
23-05-2012,685.2,689.95,679.55,686.85,2583300,650.672
22-05-2012,704.6,704.6,688.75,691.1,2938000,654.6981
21-05-2012,686.5,700.7,686,695.5,2334100,658.8664
18-05-2012,676.9,696.4,675,688.55,2363900,652.2825
17-05-2012,680.25,689.85,677.8,685.15,3560400,649.0616
16-05-2012,675,682.8,673.05,676.1,3101700,640.4882
15-05-2012,679,688,674.1,681.65,3696300,645.7459
14-05-2012,698,702.8,678.55,681.3,4081000,645.4143
11-05-2012,693,703,688.3,697.2,3042500,660.4769
10-05-2012,697.25,708.4,690.55,694.15,3391800,657.5875
09-05-2012,702,708.3,691.05,695.1,3670600,658.4874
08-05-2012,718,718.9,699,708.35,3885400,671.0395
07-05-2012,715,722,705.1,715.7,4591000,678.0024
04-05-2012,733.4,740,722,726.45,3778400,688.1862
03-05-2012,738.5,744.45,735.15,738.85,1897100,699.933
02-05-2012,747.9,751.4,740,743.55,2861900,704.3855
01-05-2012,745,745,745,745,0,705.7591
30-04-2012,737.5,747.9,737.5,745.1,2776700,705.8538
27-04-2012,741.3,747.15,736.5,742,2857700,702.9171
26-04-2012,737.1,749,733.6,745.05,3469900,705.8065
25-04-2012,734.1,742.9,728.05,736.3,3105600,697.5174
24-04-2012,739,740.5,723.7,735.1,3809300,696.3805
23-04-2012,725.85,745.75,724.2,736.3,5053100,697.5174
20-04-2012,740.05,741,728,730.85,3410900,692.3544
19-04-2012,753.9,753.9,738.5,741.65,4205700,702.5856
18-04-2012,750,756.8,742.7,748.6,3428300,709.1695
17-04-2012,754.8,754.8,740.35,746.4,3175900,707.0854
16-04-2012,747.1,753.45,736,748.1,2404200,708.6958
13-04-2012,746.05,762,737.5,751.55,3249200,711.9641
12-04-2012,733.3,745.6,733.3,743.3,2692500,704.1486
11-04-2012,739,739,726.3,730.3,3726800,691.8334
10-04-2012,746,747,738.1,742.65,1913200,703.5329
09-04-2012,740.05,748,734.1,742.15,2608500,703.0593
06-04-2012,747,747,747,747,0,707.6538
05-04-2012,747,747,747,747,0,707.6538
04-04-2012,745,757,743.45,747,2700400,707.6538
03-04-2012,744.25,762.9,744.25,752.7,4003700,713.0536
02-04-2012,749.35,750.85,739.05,740.55,2564800,701.5435
30-03-2012,729.5,753,727.1,750.6,3949200,711.0641
29-03-2012,718,729.7,718,724.65,5480700,686.481
28-03-2012,730,735.9,720.5,725.7,4131100,687.4757
27-03-2012,738,738.8,725.1,731.05,6216200,692.5439
26-03-2012,743.9,743.9,727,730.1,5288300,691.6439
23-03-2012,743.8,749.5,738.1,744.05,6161800,704.8591
22-03-2012,765.9,771.45,732,736.35,6684600,697.5647
21-03-2012,760,773.5,755.1,768.05,3248500,727.595
20-03-2012,756.1,766.4,750.3,760.55,2389900,720.4901
19-03-2012,781,783,751.1,755.1,3652400,715.3271
16-03-2012,780,797.7,767.35,772.35,5753000,731.6685
15-03-2012,818,821.2,793.4,796.65,4630600,754.6886
14-03-2012,828,830,806.7,814.5,4028500,771.5984
13-03-2012,803.45,821.95,803.3,819.95,3684000,776.7613
12-03-2012,790,803,779.7,798.55,3438300,756.4885
09-03-2012,775.3,779.6,769.2,773.8,3942900,733.0421
08-03-2012,810.95,810.95,810.95,810.95,0,768.2354
07-03-2012,776.55,777.5,751,761.8,6446700,721.6742
06-03-2012,797,809,774,776.55,8029900,735.6473
05-03-2012,812.05,814,794.25,797.5,2988600,755.4938
02-03-2012,816.25,818,805.75,814.1,2900000,771.2194
01-03-2012,811.8,818.7,801.1,810.95,2962500,768.2354
29-02-2012,805.05,827.9,804.15,820.75,6365300,777.5192
28-02-2012,789.05,800.35,787.7,796.5,5289400,754.5465
27-02-2012,821.8,825.6,765.35,781.45,6348200,740.2892
24-02-2012,833.5,841.7,814.5,819.95,4285000,776.7613
23-02-2012,832,849.9,826.6,839.6,4367200,795.3763
22-02-2012,848,857.4,830.1,833.4,5748100,789.5029
21-02-2012,817.5,848.75,815.1,843.55,8333600,799.1182
20-02-2012,818.2,818.2,818.2,818.2,0,775.1035
17-02-2012,822.05,826.4,810.2,818.2,8211300,775.1035
16-02-2012,831,831,804.7,812.45,6342500,769.6564
15-02-2012,854.2,855.75,833.05,836.65,7182300,792.5817
14-02-2012,846.9,856.4,843,848.9,3134200,804.1865
13-02-2012,841.1,858.8,841,849.25,3493600,804.518
10-02-2012,850.35,859,838,843.25,3417900,798.8341
09-02-2012,856.75,859.9,842.6,853.85,4309100,808.8757
08-02-2012,847,864.7,845,858.4,3647600,813.1861
07-02-2012,842,852.7,834.25,844.55,4815900,800.0656
06-02-2012,845.9,849.5,824.1,833,3984400,789.124
03-02-2012,830,840,815.65,838.3,4569200,794.1448
02-02-2012,835,842.7,824.15,829.25,4901900,785.5715
01-02-2012,818.9,834,816,831.2,3776800,787.4188
31-01-2012,804.5,820.8,801.4,817.1,6264400,774.0614
30-01-2012,813.9,818.85,792.2,794.75,4829000,752.8887
27-01-2012,800,827.9,799,820.4,5565400,777.1876
26-01-2012,790.95,790.95,790.95,790.95,0,749.2888
25-01-2012,788.7,795,782.8,790.95,3837200,749.2888
24-01-2012,774.6,791.6,770.4,783.75,5095400,742.4681
23-01-2012,755.3,779.75,755.2,771.55,6457500,730.9107
20-01-2012,790,800,772.05,792.65,7251800,750.8993
19-01-2012,789,795.95,782.1,785.65,5483500,744.268
18-01-2012,762,787.9,758.05,779.75,9248700,738.6788
17-01-2012,716,744.4,716,742.05,5197600,702.9645
16-01-2012,729.95,729.95,711,712.95,4067400,675.3973
13-01-2012,742,750.95,728.1,731.8,4692900,693.2544
12-01-2012,747.5,752.95,732.6,736.9,3251600,698.0858
11-01-2012,737.9,753,731.5,748.25,4842100,708.8379
10-01-2012,712,739,712,736.2,4507700,697.4226
09-01-2012,714.45,714.45,702.45,706.25,4202800,669.0502
06-01-2012,697.05,724,696.65,717.55,4703100,679.755
05-01-2012,715,724.95,694.1,699.5,6619500,662.6557
04-01-2012,727.4,730.95,713.35,716.15,4238300,678.4287
03-01-2012,712.25,726.9,710.35,724.65,4683400,686.481
02-01-2012,696.8,709.75,687.15,706.55,4299200,669.3344
30-12-2011,713,720.55,689,692.95,6662300,656.4507
29-12-2011,733.65,739,707.2,711.9,5449500,674.4026
28-12-2011,757.7,758.5,735.35,739.05,2829000,700.1225
27-12-2011,766,768.7,745.35,753.05,3074300,713.3851
26-12-2011,747.05,764.8,745.55,761,2376400,720.9164
23-12-2011,760,769.75,742.4,746.4,3511000,707.0854
22-12-2011,741.35,760.3,733,754.55,4473700,714.8061
21-12-2011,727,753.75,722.7,748,4563400,708.6011
20-12-2011,741.7,741.7,709.2,713.45,5550500,675.8709
19-12-2011,719.2,739.9,715.15,735.3,4714100,696.57
16-12-2011,749,844.6,716.05,721.85,5828700,683.8285
15-12-2011,731.9,754.5,723.5,750.15,6611100,710.6379
14-12-2011,738,753.9,733.4,741.9,5304700,702.8224
13-12-2011,723.9,746,721,742.3,5228400,703.2013
12-12-2011,760.55,762,724,727.5,5097000,689.1809
09-12-2011,769.9,769.9,752.7,755.7,5044800,715.8955
08-12-2011,802,807.7,772.1,778.85,4442600,737.8261
07-12-2011,807,819.5,803.2,809.8,3514100,767.1459
06-12-2011,806.75,806.75,806.75,806.75,0,764.2566
05-12-2011,808.35,812.2,798.35,806.75,3160800,764.2566
02-12-2011,797,815,786.55,812.05,4479800,769.2774
01-12-2011,799,810.75,795.2,799,4714900,756.9148
30-11-2011,756.7,783.3,753.1,778.25,4569100,737.2578
29-11-2011,782,782,759.15,765,4803400,724.7057
28-11-2011,765,785.8,762.55,783.8,2522000,742.5154
25-11-2011,769.7,771.25,751,753.8,3699700,714.0956
24-11-2011,775,778,753.15,773.15,6367700,732.4264
23-11-2011,789.9,789.9,755.8,773.4,5419700,732.6632
22-11-2011,788.1,804.45,786.6,795.2,4382300,753.315
21-11-2011,800,800,781.5,786.35,4049500,744.9311
18-11-2011,800.3,811.95,787,808.1,4958000,765.5355
17-11-2011,845.05,848.65,806.25,809.95,5538000,767.2881
16-11-2011,859.1,859.1,837.35,848.1,3043100,803.4286
15-11-2011,871,878,856.25,861.45,2262500,816.0754
14-11-2011,891.4,896,873,876.7,3656400,830.5222
11-11-2011,859,888.8,850.1,885.35,4969200,838.7165
09-11-2011,890.05,892.65,861.15,864.95,2666300,819.3911
08-11-2011,879,885,868.5,883.7,2313300,837.1535
04-11-2011,905,905,872.65,879.95,4171900,833.601
03-11-2011,867.75,889.35,863,885.9,3666900,839.2376
02-11-2011,855,880.95,855,871.8,3143200,825.8803
01-11-2011,870.5,878.5,857.6,860.6,3745200,815.2702
31-10-2011,898,899.3,872.55,877.55,3628000,831.3274
28-10-2011,899.7,904,884.1,900,5606800,852.5949
26-10-2011,879,881.5,871.05,873.6,737200,827.5854
25-10-2011,855,880.95,842.15,875.95,5197000,829.8117
24-10-2011,848,854,843.55,846.5,2075800,801.9129
21-10-2011,840,849.2,831.1,835.75,2364100,791.7291
20-10-2011,834.85,840.9,822,838.7,2279300,794.5237
19-10-2011,825.5,845,824.1,843,2713800,798.5972
18-10-2011,825,826.4,811.35,819.9,4182900,776.714
17-10-2011,867,868.85,831.15,833.8,5040800,789.8818
14-10-2011,842,869.7,841.5,866.9,4085000,821.2384
13-10-2011,850,858,842.1,846.9,4195300,802.2918
12-10-2011,829.4,851.9,826.05,849.65,3947600,804.897
11-10-2011,835,841.4,822.5,827,3592500,783.44
10-10-2011,804.25,830.9,804.2,829.25,3393600,785.5715
07-10-2011,786.7,808,784.9,802.9,4551300,760.6094
05-10-2011,772.55,777.9,761.75,767,4739500,726.6003
04-10-2011,784,790.8,765.25,771.6,6000700,730.958
03-10-2011,791.2,799.9,784.1,788.2,4825200,746.6837
30-09-2011,803.5,822.9,792.5,808.35,7987600,765.7723
29-09-2011,790.5,812.75,784.45,807.7,7203000,765.1566
28-09-2011,799.75,806.3,789.1,797.2,5722400,755.2096
27-09-2011,774,800.7,772,797.2,5039500,755.2096
26-09-2011,769.2,770.7,747.55,759.2,6217900,719.2112
23-09-2011,773.9,792.6,764.1,770.6,8803400,730.0107
22-09-2011,823.95,827.9,780,786.35,6239800,744.9311
21-09-2011,850.9,850.9,832.3,837.6,3892800,793.4816
20-09-2011,823,853.95,816.3,851.8,4214600,806.9337
19-09-2011,825,829.15,815.6,821.55,2924900,778.277
16-09-2011,850,850,821,825.65,6128400,782.1611
15-09-2011,833,838.6,813.55,836.3,4664700,792.2501
14-09-2011,813.9,829.75,805.2,825.4,4694800,781.9243
13-09-2011,813.2,824.75,796.75,810.25,5806100,767.5722
12-09-2011,810.35,822.45,795.25,806.3,4246900,763.8303
09-09-2011,852.15,858.55,823.7,825.75,6757800,782.2558
08-09-2011,833.5,859,814.5,852.45,8065300,807.5495
07-09-2011,824,843.5,823.7,833.5,7186200,789.5976
06-09-2011,783.2,825.5,776.5,821.5,7162300,778.2297
05-09-2011,794.5,799,782.95,788.85,4567300,747.2994
02-09-2011,796.7,813.7,789.45,805.45,7791500,763.0251
30-08-2011,765,796.3,764,782.6,7821400,741.3786
29-08-2011,731.1,759.9,728.35,755.05,4186900,715.2797
26-08-2011,751,756.1,712,719.4,4457700,681.5076
25-08-2011,761.6,769,750.25,753.5,4849200,713.8114
24-08-2011,764,769.5,756,761.3,2968700,721.2005
23-08-2011,760.35,772,747.5,765.25,4008600,724.9425
22-08-2011,731,759.85,725.6,757,3552800,717.127
19-08-2011,731.05,739,721.3,732.55,4663000,693.9649
18-08-2011,757.7,760,737,741.2,3914900,702.1593
17-08-2011,760.5,774.4,751,755,3096300,715.2324
16-08-2011,760,772.3,754.7,759.15,2580000,719.1638
12-08-2011,783,783,758,760.9,3936700,720.8216
11-08-2011,768.35,784.95,765,772.2,2489300,731.5264
10-08-2011,785.35,790,765,772.75,4056500,732.0475
09-08-2011,753,779,753,765.3,7463000,724.9899
08-08-2011,776.7,796.4,767,780.65,5084300,739.5314
05-08-2011,799.5,799.5,779,792,5994000,750.2835
04-08-2011,828,831.65,810.05,812.35,3140100,769.5616
03-08-2011,826.75,836.2,823.1,825.05,3219600,781.5927
02-08-2011,827.55,838.9,818.5,837.3,3787700,793.1974
01-08-2011,838,838,821.35,830.85,3255400,787.0872
29-07-2011,840,847.25,823.15,827.95,4890100,784.34
28-07-2011,855,855,833.4,837.35,7154500,793.2448
27-07-2011,875,875,859.15,860.85,3126000,815.507
26-07-2011,888.25,890.15,869.4,871.5,4677200,825.5961
25-07-2011,892,892,879.15,882.85,5007100,836.3482
22-07-2011,866,877,862.5,873.35,3498100,827.3486
21-07-2011,875.95,875.95,857.55,860.85,1802600,815.507
20-07-2011,886,886.8,868.8,876.2,2555500,830.0485
19-07-2011,867.5,881.4,866,879.45,2245300,833.1273
18-07-2011,871.9,873.9,864.2,867.6,1504700,821.9015
15-07-2011,867.7,876,865,873.2,2332900,827.2065
14-07-2011,863.3,877.9,859.35,867.55,3043000,821.8541
13-07-2011,853.05,869.7,851.1,865.45,3892700,819.8647
12-07-2011,847.5,857.4,845.7,847.75,2986700,803.097
11-07-2011,854,859.95,847,853.3,2194100,808.3547
08-07-2011,873,874,852,854.85,4785900,809.823
07-07-2011,858,874.9,855.25,870.7,4603200,824.8382
06-07-2011,848.85,858.5,840.7,852.9,6143800,807.9758
05-07-2011,869.3,869.3,844,845.95,7727400,801.3919
04-07-2011,874.4,879.4,865,868.4,3771500,822.6594
01-07-2011,907,907,856.7,861.95,6555200,816.5491
30-06-2011,888.7,902,887,898.5,4970400,851.1739
29-06-2011,875.7,888,872.1,885.25,2841400,838.6218
28-06-2011,878.9,878.9,862,871.1,2336000,825.2171
27-06-2011,866.7,881.8,861.85,871.55,3280000,825.6434
24-06-2011,874.15,879.7,855.6,871.4,7239300,825.5014
23-06-2011,846.55,872.7,845.9,870.5,4734800,824.6487
22-06-2011,853.35,858.15,834.15,845.8,4596200,801.2497
21-06-2011,839.9,855,837.3,848.65,3980400,803.9497
20-06-2011,875,875,828.1,833.25,6926000,789.3608
17-06-2011,891.3,893.3,865.2,868.75,5035600,822.9909
16-06-2011,901,901,884.1,887.55,5707500,840.8007
15-06-2011,912,918.9,898.6,900.55,4607400,853.1159
14-06-2011,925.3,931.75,910,911.35,4335500,863.3471
13-06-2011,943.25,943.25,921,925.6,2954000,876.8465
10-06-2011,955.1,956,932.05,944.5,2530100,894.751
09-06-2011,947.5,957.85,947,954,2092000,903.7506
08-06-2011,955.25,955.95,943.95,949.2,3247000,899.2034
07-06-2011,933.55,960,933.55,958.25,4025900,907.7767
06-06-2011,934.65,940.8,928.15,937.75,1405700,888.3565
03-06-2011,960.5,967,931.5,934.6,4368200,885.3724
02-06-2011,936.55,954.7,936.55,951.05,2152900,900.956
01-06-2011,952,958.65,943.65,946.8,1838400,896.9298
31-05-2011,945,955.9,937.3,951.85,3219200,901.7138
30-05-2011,948.95,953,934.25,938.85,1729100,889.3986
27-05-2011,934.1,952.9,934.1,945.45,3459400,895.651
26-05-2011,912.6,936.85,911.1,933.85,6857900,884.6619
25-05-2011,914.1,914.1,901,906,2997200,858.2789
24-05-2011,906,920.9,906,915.75,2538900,867.5153
23-05-2011,919,922,903.3,909.4,3391400,861.4998
20-05-2011,918.45,925.8,910.3,923.2,3171200,874.5729
19-05-2011,908.4,922,904.75,915.5,4131000,867.2785
18-05-2011,920,923.85,898.35,901.85,5672200,854.3474
17-05-2011,945.65,946.8,917.25,920.65,3973600,872.1572
16-05-2011,950,951.4,941.55,945,1601900,895.2247
13-05-2011,945.25,962,937.95,948,3178600,898.0666
12-05-2011,951.5,954.75,941,945.5,2107300,895.6983
11-05-2011,954,958.4,943.5,955.45,1873600,905.1242
10-05-2011,959.3,963.9,946.55,950.75,1861400,900.6718
09-05-2011,960,966.05,951.4,959.3,1831600,908.7714
06-05-2011,953,960,949.1,955.05,2952400,904.7453
05-05-2011,945,963.55,943.65,949.95,4476300,899.9139
04-05-2011,945,956.75,940,947.65,2667100,890.1565
03-05-2011,965.1,967.4,941.05,943.9,5035300,886.634
02-05-2011,983.9,986.8,961.3,964.75,3110900,906.219
29-04-2011,975,988,971.3,983.75,3414200,924.0663
28-04-2011,992,993,970,972.4,8163200,913.4049
27-04-2011,1005,1009.1,980.1,986.1,5648300,926.2737
26-04-2011,1009,1009,997.55,1001.15,4035000,940.4107
25-04-2011,1014,1021,1005.15,1009.35,4146200,948.1131
22-04-2011,1039.25,1039.25,1039.25,1039.25,0,976.1991
21-04-2011,1034.8,1044.2,1030,1040.6,3413700,977.4672
20-04-2011,1016,1030.5,1008.2,1025.9,2357900,963.6591
19-04-2011,1004.7,1017.45,998.75,1011.65,2748200,950.2736
18-04-2011,1019.2,1044.7,1000.6,1009.15,3381600,947.9253
15-04-2011,1018.65,1024.85,1005,1020.95,3240000,959.0094
14-04-2011,1022.45,1022.45,1022.45,1022.45,0,960.4184
13-04-2011,1001.85,1024,996.6,1021.8,4369700,959.8078
12-04-2011,1005.8,1005.8,1005.8,1005.8,0,944.7785
11-04-2011,1013,1019.45,1003.65,1005.3,2582200,944.3088
08-04-2011,1042,1050.9,1020.65,1023.9,2742000,961.7804
07-04-2011,1045.05,1047.55,1035.1,1041.9,2323200,978.6884
06-04-2011,1045,1054.25,1040,1044.85,2076200,981.4593
05-04-2011,1052.5,1059,1040,1047.65,2458800,984.0895
04-04-2011,1040,1054.8,1029,1050.65,2997100,986.9075
01-04-2011,1049.05,1065.9,1031,1036.4,4291000,973.522
31-03-2011,1034.5,1054.9,1034.5,1049.1,7201000,985.4515
30-03-2011,1027.5,1037.5,1024.1,1032.5,2801800,969.8586
29-03-2011,1020,1032,1019.6,1022.75,4137800,960.7002
28-03-2011,1026.25,1036.35,1014.3,1025.7,4361200,963.4711
25-03-2011,1023.9,1029.95,1010,1026.6,3518400,964.3166
24-03-2011,1015.9,1021.95,1003.85,1010.3,2567800,949.0055
23-03-2011,999.85,1016.65,995.8,1013.25,2610400,951.7765
22-03-2011,993.05,1004.9,992.15,999.65,2238600,939.0017
21-03-2011,999.05,1000,981.1,990.3,3553700,930.2189
18-03-2011,1035,1035,986.6,993,9258000,932.7551
17-03-2011,1039.3,1048.8,1028,1030.85,2830200,968.3087
16-03-2011,1045,1055,1038.1,1047.1,4709900,983.5728
15-03-2011,997.95,1049.6,988.9,1037.25,12902900,974.3205
14-03-2011,992.95,1020.75,992.25,1018.35,6585700,956.5671
11-03-2011,978.8,994.9,972.15,992.05,3428800,931.8627
10-03-2011,992.7,993,982,984.75,2252400,925.0056
09-03-2011,988.7,1004.4,968.1,993.85,7422800,933.5535
08-03-2011,978,992.4,978,984.95,2756100,925.1935
07-03-2011,974.1,983.3,964,977.05,2702100,917.7728
04-03-2011,984.65,994.8,978.1,982.2,3524700,922.6103
03-03-2011,975.2,985,968.1,977.4,4461600,918.1016
02-03-2011,991.3,991.3,991.3,991.3,0,931.1582
01-03-2011,973.7,992.7,967.2,988.85,2885200,928.8568
28-02-2011,970.2,994.3,960,964.25,5140200,905.7493
25-02-2011,980.7,982.25,954.55,966.25,3451900,907.628
24-02-2011,996,998.6,958.35,964.2,7521200,905.7024
23-02-2011,986.4,1002.3,985,995.65,7128200,935.2443
22-02-2011,992,1009.4,979.25,984.85,20326200,925.0995
21-02-2011,936.1,960.9,934.2,956.35,5858500,898.3286
18-02-2011,956.05,963,932,935.55,3599700,878.7905
17-02-2011,947.85,955.45,936.25,953.95,3221000,896.0742
16-02-2011,938.3,950.8,938.1,944.15,2523900,886.8688
15-02-2011,914.4,944.8,911.3,941.7,6232600,884.5674
14-02-2011,906.1,918.25,894.1,914.8,6890800,859.2994
11-02-2011,899.95,915,888.05,909.95,4574400,854.7437
10-02-2011,912.5,920.8,885.1,899.65,6479800,845.0686
09-02-2011,908.4,937.2,903.65,914.3,8738200,858.8298
08-02-2011,935.7,935.7,911.25,915.25,4499700,859.7221
07-02-2011,925.7,938.8,914.4,929.05,3334100,872.6849
04-02-2011,947.4,947.4,913.15,920,4735100,864.184
03-02-2011,928,947.5,915,943.9,3896800,886.634
02-02-2011,910,927.9,907.3,921.3,6506700,865.4051
01-02-2011,925.1,927.7,888.55,895.5,8663000,841.1704
31-01-2011,908.85,928.85,903.1,919.3,5790500,863.5264
28-01-2011,945,945.9,902,913,7738800,857.6087
27-01-2011,966,967.4,940,942.7,6424300,885.5068
26-01-2011,958.4,958.4,958.4,958.4,0,900.2543
25-01-2011,977.1,984.95,956.25,958.5,4646000,900.3482
24-01-2011,995.1,995.9,964.1,971.6,5084300,912.6534
21-01-2011,975,992.5,973,986.8,4463900,926.9312
20-01-2011,977.6,977.6,954.55,969.85,9450300,911.0096
19-01-2011,999.6,1005,975,980.15,5369700,920.6847
18-01-2011,1004.85,1008,990,994.85,3399300,934.4928
17-01-2011,1003,1008,992.05,997.9,3210700,937.3578
14-01-2011,1014.05,1029.8,998,1001.5,4368600,940.7394
13-01-2011,1030,1039.15,1011.1,1015.35,5562800,953.7491
12-01-2011,1020.65,1035.65,1003,1030.8,5301900,968.2618
11-01-2011,1040,1048.7,998.6,1013.75,4833800,952.2462
10-01-2011,1065.4,1070.45,1021.2,1033.45,4223800,970.751
07-01-2011,1081.3,1087.75,1058,1065.4,4085900,1000.7626
06-01-2011,1078,1091.4,1074.55,1085.6,4974600,1019.7371
05-01-2011,1080,1090,1070,1075.8,5930100,1010.5317
04-01-2011,1060,1079.9,1057.3,1077.1,5033800,1011.7527
03-01-2011,1065,1066.5,1052.6,1055.6,2379800,991.5571
31-12-2010,1058.05,1066.5,1053.2,1058.7,2279700,994.469
30-12-2010,1052.4,1055.75,1046.25,1051.2,3328500,987.4241
29-12-2010,1048.3,1055,1046.3,1048.6,2556500,984.9818
28-12-2010,1056.3,1059.7,1042.25,1047.9,2024600,984.3243
27-12-2010,1058.3,1068.8,1051.15,1055.25,1321600,991.2284
24-12-2010,1053,1064.5,1050,1059.7,2160700,995.4084
23-12-2010,1057.8,1064.7,1050.5,1059.4,3335000,995.1266
22-12-2010,1072.8,1075,1048.35,1056.05,3458900,991.9799
21-12-2010,1059.9,1074.9,1058.25,1073.15,3677800,1008.0424
20-12-2010,1045,1068,1044.6,1056.75,3624800,992.6374
17-12-2010,1057.75,1057.75,1057.75,1057.75,0,993.5767
16-12-2010,1057.7,1060,1040.05,1056.85,3550000,992.7313
15-12-2010,1054,1064,1036,1053.9,4899900,989.9603
14-12-2010,1043,1060,1042,1055.25,4590200,991.2284
13-12-2010,1024.05,1046,1010,1041.75,3848000,978.5474
10-12-2010,986.8,1030,979.35,1023.9,6064100,961.7804
09-12-2010,1024.55,1033.85,978.75,984.5,7249700,924.7708
08-12-2010,1024.9,1027.75,1011.15,1020.55,3885300,958.6336
07-12-2010,1020,1039.7,1020,1030.75,5119800,968.2148
06-12-2010,1015.85,1030,1013,1020.15,4066500,958.2579
03-12-2010,1014,1024,998,1005.9,4489600,944.8725
02-12-2010,999,1013.45,995.05,1011.15,5676600,949.804
01-12-2010,985,997.4,983.05,988.8,4280600,928.8099
30-11-2010,999.8,1008.7,981.1,985.6,6968000,925.804
29-11-2010,969.5,1002.45,962.4,998.4,5350900,937.8275
26-11-2010,985,990.4,958.3,962.35,7003600,903.9646
25-11-2010,1002,1003,973,979.5,6654600,920.0741
24-11-2010,999,1017.8,986.05,996.05,4503900,935.62
23-11-2010,1004.65,1005,975,995.6,7569200,935.1973
22-11-2010,1003.5,1016.45,997.2,1012.25,4333100,950.8372
19-11-2010,1036,1036,987.1,996.25,5674900,935.8079
18-11-2010,1049.8,1049.8,1014,1032.95,5206300,970.2813
17-11-2010,1029,1029,1029,1029,0,966.571
16-11-2010,1059,1059,1026.55,1030.5,4533500,967.98
15-11-2010,1067.1,1067.9,1038.2,1054.7,3676700,990.7117
12-11-2010,1080.15,1087.4,1057,1061.85,4373200,997.428
11-11-2010,1106,1111.8,1076,1079.9,2900700,1014.3829
10-11-2010,1106.7,1116.9,1099.2,1102.2,2719900,1035.3299
09-11-2010,1112.25,1120.5,1097.25,1108.55,3522400,1041.2948
08-11-2010,1113.9,1119,1100.55,1111.85,5112000,1044.3945
05-11-2010,1114,1117.5,1100.3,1105.7,1458900,1038.6176
04-11-2010,1077.9,1107,1075,1105.05,5557200,1038.0071
03-11-2010,1082,1084.9,1062.65,1065.3,4557900,1000.6687
02-11-2010,1095.4,1095.4,1070.3,1074.85,4654100,1009.6393
01-11-2010,1121,1124.9,1089.25,1093.2,6973900,1026.8759
29-10-2010,1087.7,1107.2,1080.5,1096.25,6794000,1029.7409
28-10-2010,1099.4,1100.9,1074.6,1082,8271900,1016.3555
27-10-2010,1098,1110,1083.25,1092.75,5016600,1026.4533
26-10-2010,1090.9,1100.95,1087.1,1098.85,3530200,1032.1832
25-10-2010,1088,1101.9,1086,1090.35,4118800,1024.1989
22-10-2010,1085.45,1093.8,1074.35,1081.8,4486400,1016.1677
21-10-2010,1052,1087.85,1049.2,1081.65,8520000,1016.0267
20-10-2010,1039.4,1064.4,1038,1049.45,4167700,985.7802
19-10-2010,1065,1068.7,1039.25,1044.4,4246900,981.0367
18-10-2010,1042.25,1064.95,1033.25,1047.45,5076600,983.9016
15-10-2010,1060,1068,1035.6,1040.35,2652000,977.2324
14-10-2010,1075,1081.5,1054.2,1059,5580700,994.7509
13-10-2010,1056.1,1074,1054.7,1073.05,5478500,1007.9485
12-10-2010,1068,1069.4,1046.15,1055.6,3195500,991.5571
11-10-2010,1056,1072.25,1053.1,1069.2,5896700,1004.332
08-10-2010,1046.7,1054.8,1030.55,1049.65,4769400,985.9682
07-10-2010,1044.95,1055.75,1032.5,1039.15,7211200,976.1052
06-10-2010,1030,1047,1026.95,1044.95,6431800,981.5533
05-10-2010,1016,1031.8,1009,1023.85,5243400,961.7334
04-10-2010,1014.95,1025.8,1014.95,1017.85,4837500,956.0974
01-10-2010,992,1010,990,1007.9,4366800,946.7511
30-09-2010,1002,1002,978.1,987.25,6624700,927.3539
29-09-2010,1000,1009,995,999,4066500,938.3911
28-09-2010,1008.3,1012,993,998.5,4499000,937.9214
27-09-2010,1008,1019.9,1005.1,1010.2,3763700,948.9116
24-09-2010,1000,1009,992.1,1001.65,5181700,940.8803
23-09-2010,1020.05,1024,996,997.65,5264300,937.123
22-09-2010,1034,1043.7,1015,1020.05,5914000,958.164
21-09-2010,1042,1048.5,1025.05,1035.15,4880600,972.3479
20-09-2010,1029,1043.95,1021.1,1041.4,6953400,978.2187
17-09-2010,1005,1031.4,1005,1027.35,7304400,965.0211
16-09-2010,1012.1,1015.35,997.2,1000.35,4238100,939.6591
15-09-2010,989,1018.7,989,1013.9,7670000,952.3871
14-09-2010,995.5,1003,984.35,988.15,4451100,928.1994
13-09-2010,972,995.5,965.35,992.5,6280100,932.2854
10-09-2010,957.8,957.8,957.8,957.8,0,899.6906
09-09-2010,962.95,967.2,955.2,958.55,2311900,900.3951
08-09-2010,955.1,964.7,952,959.6,2659000,901.3814
07-09-2010,955,969.7,953,962.3,6487100,903.9176
06-09-2010,930.95,957.7,922.3,952.65,7755400,894.8531
03-09-2010,940,941.6,924.2,925.7,3300800,869.5382
02-09-2010,945,946.65,936,937.45,4045700,880.5753
01-09-2010,925.05,943.8,921,936.2,6374400,879.4011
31-08-2010,944.65,949.95,915,919.2,10653100,863.4325
30-08-2010,952.1,964.8,945,947.95,2722100,890.4383
27-08-2010,958.9,960.9,946.55,949.6,5558100,891.9881
26-08-2010,970,973,955.05,956.45,6362500,898.4226
25-08-2010,970,977.85,965.5,967.8,4256300,909.0839
24-08-2010,976.9,981,967.3,972.4,4406200,913.4049
23-08-2010,992.05,992.05,975.6,976.9,3095800,917.6319
20-08-2010,977.2,993.4,972.5,988.65,4799300,928.669
19-08-2010,963.7,984.9,963.7,977.2,4723200,917.9137
18-08-2010,973,977,958.35,964.6,5682400,906.0781
17-08-2010,980,984.95,970,970.65,3380400,911.7611
16-08-2010,980,991.9,975,976.9,3206700,917.6319
13-08-2010,970.5,993.8,970.5,979.1,6974500,919.6984
12-08-2010,980,983.25,970,972.6,5694000,913.5927
11-08-2010,989.8,994.9,980.1,983.25,5009900,923.5966
10-08-2010,991,1002.4,986.3,987.9,4569300,927.9645
09-08-2010,1000,1006,992,993.6,5086800,933.3187
06-08-2010,1008.9,1010.1,998.5,1000.1,4561500,939.4243
05-08-2010,1019.95,1023.7,1005.05,1007.05,4184900,945.9527
04-08-2010,1028,1031,1012.55,1016.05,4187200,954.4066
03-08-2010,1019.15,1030.9,1014,1027.75,4595400,965.3968
02-08-2010,1016,1021.8,1011.4,1014.55,2897700,952.9976
30-07-2010,1014.95,1020.35,1007.25,1009.65,4398400,948.395
29-07-2010,1028.5,1028.5,1008,1010.15,10579100,948.8646
28-07-2010,1063,1073.65,1018,1021.25,12098200,959.2912
27-07-2010,1058.85,1061.15,1051.1,1053.5,2773400,989.5846
26-07-2010,1063.5,1067.4,1050.25,1053.1,2083200,989.2088
23-07-2010,1063.95,1070.9,1056.8,1060.45,3152100,996.1129
22-07-2010,1058.4,1060.85,1047.6,1059,3629800,994.7509
21-07-2010,1058.9,1063,1055.65,1058.4,2245700,994.1873
20-07-2010,1057,1065.9,1049.1,1052.95,1564600,989.0679
19-07-2010,1058.1,1065.9,1053.8,1056.05,2242000,991.9799
16-07-2010,1071.05,1074,1060,1062.95,2006800,998.4612
15-07-2010,1071.95,1080.9,1068.1,1073.45,3172100,1008.3242
14-07-2010,1080,1094.45,1067.25,1070.45,3650500,1005.5062
13-07-2010,1057.25,1077.75,1057.25,1074.3,3438600,1009.1227
12-07-2010,1060,1067.95,1052.05,1056.25,2871800,992.1677
09-07-2010,1063.95,1066,1053.55,1057.65,2965800,993.4828
08-07-2010,1060,1069.55,1055.25,1057.1,2737900,992.9661
07-07-2010,1074,1074.8,1051,1053.55,3140400,989.6316
06-07-2010,1065.5,1081.9,1065.5,1073.9,2115500,1008.7469
05-07-2010,1070,1073.15,1062.7,1068.3,1462800,1003.4867
02-07-2010,1076,1083.95,1065.3,1068.95,2502700,1004.0972
01-07-2010,1084,1086.35,1066.5,1076.25,3042600,1010.9543
30-06-2010,1060,1093.95,1057.5,1089.85,6088900,1023.7292
29-06-2010,1091,1091,1064.2,1067.45,3249000,1002.6882
28-06-2010,1074,1092,1065.15,1090.15,7194100,1024.0111
25-06-2010,1050,1068,1043,1062.95,4646000,998.4612
24-06-2010,1059,1065.8,1047.3,1052.05,4298500,988.2226
23-06-2010,1059.7,1067.5,1054,1058.7,2665000,994.469
22-06-2010,1063,1074.8,1056.95,1063.8,2950700,999.2597
21-06-2010,1061,1071.7,1061,1065.65,2695600,1000.9975
18-06-2010,1080.2,1089.8,1050.55,1054.35,8749600,990.383
17-06-2010,1063.3,1077,1058.3,1071.4,4811100,1006.3986
16-06-2010,1070,1072.65,1055.1,1057.95,2704800,993.7645
15-06-2010,1065.2,1069.9,1050.1,1066.1,4341400,1001.4201
14-06-2010,1054.9,1070,1049.1,1063.5,3632800,998.9779
11-06-2010,1025,1050.85,1021,1046.4,5327600,982.9154
10-06-2010,1010,1017.45,1007.15,1015.35,3191600,953.7491
09-06-2010,1000.2,1015,1000,1007.05,3484100,945.9527
08-06-2010,1009.7,1012.7,995.1,996.4,3480500,935.9488
07-06-2010,1015,1015,1000,1007.75,3086600,946.6102
04-06-2010,1031,1036,1022.45,1031.2,3220200,968.6375
03-06-2010,1019.9,1038,1019.9,1030.8,3910300,968.2618
02-06-2010,1015,1021,1003.35,1011.05,4509500,949.71
01-06-2010,1043.3,1045,1004.1,1010.55,4449600,949.2403
31-05-2010,1030.15,1048.5,1028.75,1045.6,3782700,982.1638
28-05-2010,1029.95,1039,1014.5,1036.65,4008200,973.7569
27-05-2010,1011,1027.7,1001.6,1022.25,6264300,960.2305
26-05-2010,994.9,1010,991,1008.05,3137600,946.892
25-05-2010,1025,1025,982.75,985.65,5770700,925.851
24-05-2010,1018,1048.95,1016.45,1022.65,5652000,960.6063
21-05-2010,989.9,999.85,976.1,995.55,4381300,935.1504
20-05-2010,1001,1013,993.75,999.95,4246400,939.2834
19-05-2010,1017,1017.75,995.1,998.65,5965400,938.0623
18-05-2010,1020,1033.45,1007.8,1020.6,3530500,958.6806
17-05-2010,1034.7,1034.7,1009,1016.55,4711500,954.8763
14-05-2010,1067.7,1071,1035,1043.65,4151400,980.3322
13-05-2010,1062,1093.4,1062,1071.8,2731000,1006.7744
12-05-2010,1076.05,1089.45,1064.05,1082.95,3496000,1017.2478
11-05-2010,1089,1089,1063.35,1067.8,6017500,1003.017
10-05-2010,1051,1082,1040,1079.4,8697700,1013.9133
07-05-2010,976,1060,976,1032.8,16472500,963.5652
06-05-2010,1019.8,1023.3,1004,1007.85,5454700,940.2877
05-05-2010,1010,1023.55,1003.3,1020.65,3423300,952.2296
04-05-2010,1024.2,1039,1013.5,1021.15,3965600,952.6961
03-05-2010,1026,1032.6,1018.1,1023.75,2865300,955.1218
30-04-2010,1040,1047.2,1030,1033.6,3616400,964.3115
29-04-2010,1024,1039.9,1019.15,1035.05,5359600,965.6643
28-04-2010,1053.95,1053.95,1012,1017.25,9168500,949.0575
27-04-2010,1063,1068,1055,1061.25,3193300,990.1079
26-04-2010,1080,1097.8,1063.5,1071.25,3806400,999.4376
23-04-2010,1080,1096,1080,1088.2,5311100,1015.2513
22-04-2010,1050.5,1093.9,1050.05,1075.75,5851300,1003.6359
21-04-2010,1070,1073.7,1048.15,1054.1,4385900,983.4372
20-04-2010,1069.85,1079.75,1054.35,1063.2,3828400,991.9272
19-04-2010,1079.8,1079.8,1051,1061.8,3746200,990.6211
